Sequence,A_Percent,R_Percent,N_Percent,D_Percent,C_Percent,E_Percent,Q_Percent,G_Percent,H_Percent,I_Percent,L_Percent,K_Percent,M_Percent,F_Percent,P_Percent,S_Percent,T_Percent,W_Percent,Y_Percent,V_Percent
MGTSSGSGETAEKLTDGTEAQ,0.09523809523809523,0.0,0.0,0.047619047619047616,0.0,0.14285714285714285,0.047619047619047616,0.19047619047619047,0.0,0.0,0.047619047619047616,0.047619047619047616,0.047619047619047616,0.0,0.0,0.14285714285714285,0.19047619047619047,0.0,0.0,0.0
GTSSGSGETAEKLTDGTEAQV,0.09523809523809523,0.0,0.0,0.047619047619047616,0.0,0.14285714285714285,0.047619047619047616,0.19047619047619047,0.0,0.0,0.047619047619047616,0.047619047619047616,0.0,0.0,0.0,0.14285714285714285,0.19047619047619047,0.0,0.0,0.047619047619047616
TSSGSGETAEKLTDGTEAQVS,0.09523809523809523,0.0,0.0,0.047619047619047616,0.0,0.14285714285714285,0.047619047619047616,0.14285714285714285,0.0,0.0,0.047619047619047616,0.047619047619047616,0.0,0.0,0.0,0.19047619047619047,0.19047619047619047,0.0,0.0,0.047619047619047616
SSGSGETAEKLTDGTEAQVSI,0.09523809523809523,0.0,0.0,0.047619047619047616,0.0,0.14285714285714285,0.047619047619047616,0.14285714285714285,0.0,0.047619047619047616,0.047619047619047616,0.047619047619047616,0.0,0.0,0.0,0.19047619047619047,0.14285714285714285,0.0,0.0,0.047619047619047616
SGSGETAEKLTDGTEAQVSIG,0.09523809523809523,0.0,0.0,0.047619047619047616,0.0,0.14285714285714285,0.047619047619047616,0.19047619047619047,0.0,0.047619047619047616,0.047619047619047616,0.047619047619047616,0.0,0.0,0.0,0.14285714285714285,0.14285714285714285,0.0,0.0,0.047619047619047616
GSGETAEKLTDGTEAQVSIGR,0.09523809523809523,0.047619047619047616,0.0,0.047619047619047616,0.0,0.14285714285714285,0.047619047619047616,0.19047619047619047,0.0,0.047619047619047616,0.047619047619047616,0.047619047619047616,0.0,0.0,0.0,0.09523809523809523,0.14285714285714285,0.0,0.0,0.047619047619047616
SGETAEKLTDGTEAQVSIGRS,0.09523809523809523,0.047619047619047616,0.0,0.047619047619047616,0.0,0.14285714285714285,0.047619047619047616,0.14285714285714285,0.0,0.047619047619047616,0.047619047619047616,0.047619047619047616,0.0,0.0,0.0,0.14285714285714285,0.14285714285714285,0.0,0.0,0.047619047619047616
GETAEKLTDGTEAQVSIGRSL,0.09523809523809523,0.047619047619047616,0.0,0.047619047619047616,0.0,0.14285714285714285,0.047619047619047616,0.14285714285714285,0.0,0.047619047619047616,0.09523809523809523,0.047619047619047616,0.0,0.0,0.0,0.09523809523809523,0.14285714285714285,0.0,0.0,0.047619047619047616
ETAEKLTDGTEAQVSIGRSLE,0.09523809523809523,0.047619047619047616,0.0,0.047619047619047616,0.0,0.19047619047619047,0.047619047619047616,0.09523809523809523,0.0,0.047619047619047616,0.09523809523809523,0.047619047619047616,0.0,0.0,0.0,0.09523809523809523,0.14285714285714285,0.0,0.0,0.047619047619047616
TAEKLTDGTEAQVSIGRSLES,0.09523809523809523,0.047619047619047616,0.0,0.047619047619047616,0.0,0.14285714285714285,0.047619047619047616,0.09523809523809523,0.0,0.047619047619047616,0.09523809523809523,0.047619047619047616,0.0,0.0,0.0,0.14285714285714285,0.14285714285714285,0.0,0.0,0.047619047619047616
AEKLTDGTEAQVSIGRSLEST,0.09523809523809523,0.047619047619047616,0.0,0.047619047619047616,0.0,0.14285714285714285,0.047619047619047616,0.09523809523809523,0.0,0.047619047619047616,0.09523809523809523,0.047619047619047616,0.0,0.0,0.0,0.14285714285714285,0.14285714285714285,0.0,0.0,0.047619047619047616
EKLTDGTEAQVSIGRSLESTS,0.047619047619047616,0.047619047619047616,0.0,0.047619047619047616,0.0,0.14285714285714285,0.047619047619047616,0.09523809523809523,0.0,0.047619047619047616,0.09523809523809523,0.047619047619047616,0.0,0.0,0.0,0.19047619047619047,0.14285714285714285,0.0,0.0,0.047619047619047616
KLTDGTEAQVSIGRSLESTSE,0.047619047619047616,0.047619047619047616,0.0,0.047619047619047616,0.0,0.14285714285714285,0.047619047619047616,0.09523809523809523,0.0,0.047619047619047616,0.09523809523809523,0.047619047619047616,0.0,0.0,0.0,0.19047619047619047,0.14285714285714285,0.0,0.0,0.047619047619047616
LTDGTEAQVSIGRSLESTSEL,0.047619047619047616,0.047619047619047616,0.0,0.047619047619047616,0.0,0.14285714285714285,0.047619047619047616,0.09523809523809523,0.0,0.047619047619047616,0.14285714285714285,0.0,0.0,0.0,0.0,0.19047619047619047,0.14285714285714285,0.0,0.0,0.047619047619047616
TDGTEAQVSIGRSLESTSELQ,0.047619047619047616,0.047619047619047616,0.0,0.047619047619047616,0.0,0.14285714285714285,0.09523809523809523,0.09523809523809523,0.0,0.047619047619047616,0.09523809523809523,0.0,0.0,0.0,0.0,0.19047619047619047,0.14285714285714285,0.0,0.0,0.047619047619047616
DGTEAQVSIGRSLESTSELQP,0.047619047619047616,0.047619047619047616,0.0,0.047619047619047616,0.0,0.14285714285714285,0.09523809523809523,0.09523809523809523,0.0,0.047619047619047616,0.09523809523809523,0.0,0.0,0.0,0.047619047619047616,0.19047619047619047,0.09523809523809523,0.0,0.0,0.047619047619047616
GTEAQVSIGRSLESTSELQPK,0.047619047619047616,0.047619047619047616,0.0,0.0,0.0,0.14285714285714285,0.09523809523809523,0.09523809523809523,0.0,0.047619047619047616,0.09523809523809523,0.047619047619047616,0.0,0.0,0.047619047619047616,0.19047619047619047,0.09523809523809523,0.0,0.0,0.047619047619047616
TEAQVSIGRSLESTSELQPKT,0.047619047619047616,0.047619047619047616,0.0,0.0,0.0,0.14285714285714285,0.09523809523809523,0.047619047619047616,0.0,0.047619047619047616,0.09523809523809523,0.047619047619047616,0.0,0.0,0.047619047619047616,0.19047619047619047,0.14285714285714285,0.0,0.0,0.047619047619047616
EAQVSIGRSLESTSELQPKTF,0.047619047619047616,0.047619047619047616,0.0,0.0,0.0,0.14285714285714285,0.09523809523809523,0.047619047619047616,0.0,0.047619047619047616,0.09523809523809523,0.047619047619047616,0.0,0.047619047619047616,0.047619047619047616,0.19047619047619047,0.09523809523809523,0.0,0.0,0.047619047619047616
AQVSIGRSLESTSELQPKTFE,0.047619047619047616,0.047619047619047616,0.0,0.0,0.0,0.14285714285714285,0.09523809523809523,0.047619047619047616,0.0,0.047619047619047616,0.09523809523809523,0.047619047619047616,0.0,0.047619047619047616,0.047619047619047616,0.19047619047619047,0.09523809523809523,0.0,0.0,0.047619047619047616
QVSIGRSLESTSELQPKTFEH,0.0,0.047619047619047616,0.0,0.0,0.0,0.14285714285714285,0.09523809523809523,0.047619047619047616,0.047619047619047616,0.047619047619047616,0.09523809523809523,0.047619047619047616,0.0,0.047619047619047616,0.047619047619047616,0.19047619047619047,0.09523809523809523,0.0,0.0,0.047619047619047616
VSIGRSLESTSELQPKTFEHQ,0.0,0.047619047619047616,0.0,0.0,0.0,0.14285714285714285,0.09523809523809523,0.047619047619047616,0.047619047619047616,0.047619047619047616,0.09523809523809523,0.047619047619047616,0.0,0.047619047619047616,0.047619047619047616,0.19047619047619047,0.09523809523809523,0.0,0.0,0.047619047619047616
SIGRSLESTSELQPKTFEHQE,0.0,0.047619047619047616,0.0,0.0,0.0,0.19047619047619047,0.09523809523809523,0.047619047619047616,0.047619047619047616,0.047619047619047616,0.09523809523809523,0.047619047619047616,0.0,0.047619047619047616,0.047619047619047616,0.19047619047619047,0.09523809523809523,0.0,0.0,0.0
IGRSLESTSELQPKTFEHQET,0.0,0.047619047619047616,0.0,0.0,0.0,0.19047619047619047,0.09523809523809523,0.047619047619047616,0.047619047619047616,0.047619047619047616,0.09523809523809523,0.047619047619047616,0.0,0.047619047619047616,0.047619047619047616,0.14285714285714285,0.14285714285714285,0.0,0.0,0.0
GRSLESTSELQPKTFEHQETR,0.0,0.09523809523809523,0.0,0.0,0.0,0.19047619047619047,0.09523809523809523,0.047619047619047616,0.047619047619047616,0.0,0.09523809523809523,0.047619047619047616,0.0,0.047619047619047616,0.047619047619047616,0.14285714285714285,0.14285714285714285,0.0,0.0,0.0
RSLESTSELQPKTFEHQETRL,0.0,0.09523809523809523,0.0,0.0,0.0,0.19047619047619047,0.09523809523809523,0.0,0.047619047619047616,0.0,0.14285714285714285,0.047619047619047616,0.0,0.047619047619047616,0.047619047619047616,0.14285714285714285,0.14285714285714285,0.0,0.0,0.0
SLESTSELQPKTFEHQETRLN,0.0,0.047619047619047616,0.047619047619047616,0.0,0.0,0.19047619047619047,0.09523809523809523,0.0,0.047619047619047616,0.0,0.14285714285714285,0.047619047619047616,0.0,0.047619047619047616,0.047619047619047616,0.14285714285714285,0.14285714285714285,0.0,0.0,0.0
LESTSELQPKTFEHQETRLNG,0.0,0.047619047619047616,0.047619047619047616,0.0,0.0,0.19047619047619047,0.09523809523809523,0.047619047619047616,0.047619047619047616,0.0,0.14285714285714285,0.047619047619047616,0.0,0.047619047619047616,0.047619047619047616,0.09523809523809523,0.14285714285714285,0.0,0.0,0.0
ESTSELQPKTFEHQETRLNGG,0.0,0.047619047619047616,0.047619047619047616,0.0,0.0,0.19047619047619047,0.09523809523809523,0.09523809523809523,0.047619047619047616,0.0,0.09523809523809523,0.047619047619047616,0.0,0.047619047619047616,0.047619047619047616,0.09523809523809523,0.14285714285714285,0.0,0.0,0.0
STSELQPKTFEHQETRLNGGH,0.0,0.047619047619047616,0.047619047619047616,0.0,0.0,0.14285714285714285,0.09523809523809523,0.09523809523809523,0.09523809523809523,0.0,0.09523809523809523,0.047619047619047616,0.0,0.047619047619047616,0.047619047619047616,0.09523809523809523,0.14285714285714285,0.0,0.0,0.0
TSELQPKTFEHQETRLNGGHN,0.0,0.047619047619047616,0.09523809523809523,0.0,0.0,0.14285714285714285,0.09523809523809523,0.09523809523809523,0.09523809523809523,0.0,0.09523809523809523,0.047619047619047616,0.0,0.047619047619047616,0.047619047619047616,0.047619047619047616,0.14285714285714285,0.0,0.0,0.0
SELQPKTFEHQETRLNGGHNG,0.0,0.047619047619047616,0.09523809523809523,0.0,0.0,0.14285714285714285,0.09523809523809523,0.14285714285714285,0.09523809523809523,0.0,0.09523809523809523,0.047619047619047616,0.0,0.047619047619047616,0.047619047619047616,0.047619047619047616,0.09523809523809523,0.0,0.0,0.0
ELQPKTFEHQETRLNGGHNGL,0.0,0.047619047619047616,0.09523809523809523,0.0,0.0,0.14285714285714285,0.09523809523809523,0.14285714285714285,0.09523809523809523,0.0,0.14285714285714285,0.047619047619047616,0.0,0.047619047619047616,0.047619047619047616,0.0,0.09523809523809523,0.0,0.0,0.0
LQPKTFEHQETRLNGGHNGLG,0.0,0.047619047619047616,0.09523809523809523,0.0,0.0,0.09523809523809523,0.09523809523809523,0.19047619047619047,0.09523809523809523,0.0,0.14285714285714285,0.047619047619047616,0.0,0.047619047619047616,0.047619047619047616,0.0,0.09523809523809523,0.0,0.0,0.0
QPKTFEHQETRLNGGHNGLGA,0.047619047619047616,0.047619047619047616,0.09523809523809523,0.0,0.0,0.09523809523809523,0.09523809523809523,0.19047619047619047,0.09523809523809523,0.0,0.09523809523809523,0.047619047619047616,0.0,0.047619047619047616,0.047619047619047616,0.0,0.09523809523809523,0.0,0.0,0.0
PKTFEHQETRLNGGHNGLGAG,0.047619047619047616,0.047619047619047616,0.09523809523809523,0.0,0.0,0.09523809523809523,0.047619047619047616,0.23809523809523808,0.09523809523809523,0.0,0.09523809523809523,0.047619047619047616,0.0,0.047619047619047616,0.047619047619047616,0.0,0.09523809523809523,0.0,0.0,0.0
KTFEHQETRLNGGHNGLGAGG,0.047619047619047616,0.047619047619047616,0.09523809523809523,0.0,0.0,0.09523809523809523,0.047619047619047616,0.2857142857142857,0.09523809523809523,0.0,0.09523809523809523,0.047619047619047616,0.0,0.047619047619047616,0.0,0.0,0.09523809523809523,0.0,0.0,0.0
TFEHQETRLNGGHNGLGAGGQ,0.047619047619047616,0.047619047619047616,0.09523809523809523,0.0,0.0,0.09523809523809523,0.09523809523809523,0.2857142857142857,0.09523809523809523,0.0,0.09523809523809523,0.0,0.0,0.047619047619047616,0.0,0.0,0.09523809523809523,0.0,0.0,0.0
FEHQETRLNGGHNGLGAGGQP,0.047619047619047616,0.047619047619047616,0.09523809523809523,0.0,0.0,0.09523809523809523,0.09523809523809523,0.2857142857142857,0.09523809523809523,0.0,0.09523809523809523,0.0,0.0,0.047619047619047616,0.047619047619047616,0.0,0.047619047619047616,0.0,0.0,0.0
EHQETRLNGGHNGLGAGGQPG,0.047619047619047616,0.047619047619047616,0.09523809523809523,0.0,0.0,0.09523809523809523,0.09523809523809523,0.3333333333333333,0.09523809523809523,0.0,0.09523809523809523,0.0,0.0,0.0,0.047619047619047616,0.0,0.047619047619047616,0.0,0.0,0.0
HQETRLNGGHNGLGAGGQPGS,0.047619047619047616,0.047619047619047616,0.09523809523809523,0.0,0.0,0.047619047619047616,0.09523809523809523,0.3333333333333333,0.09523809523809523,0.0,0.09523809523809523,0.0,0.0,0.0,0.047619047619047616,0.047619047619047616,0.047619047619047616,0.0,0.0,0.0
QETRLNGGHNGLGAGGQPGSN,0.047619047619047616,0.047619047619047616,0.14285714285714285,0.0,0.0,0.047619047619047616,0.09523809523809523,0.3333333333333333,0.047619047619047616,0.0,0.09523809523809523,0.0,0.0,0.0,0.047619047619047616,0.047619047619047616,0.047619047619047616,0.0,0.0,0.0
GAALPGLSDTGGMPGQFGVGQ,0.09523809523809523,0.0,0.0,0.047619047619047616,0.0,0.0,0.09523809523809523,0.3333333333333333,0.0,0.0,0.09523809523809523,0.0,0.047619047619047616,0.047619047619047616,0.09523809523809523,0.047619047619047616,0.047619047619047616,0.0,0.0,0.047619047619047616
AALPGLSDTGGMPGQFGVGQL,0.09523809523809523,0.0,0.0,0.047619047619047616,0.0,0.0,0.09523809523809523,0.2857142857142857,0.0,0.0,0.14285714285714285,0.0,0.047619047619047616,0.047619047619047616,0.09523809523809523,0.047619047619047616,0.047619047619047616,0.0,0.0,0.047619047619047616
ALPGLSDTGGMPGQFGVGQLQ,0.047619047619047616,0.0,0.0,0.047619047619047616,0.0,0.0,0.14285714285714285,0.2857142857142857,0.0,0.0,0.14285714285714285,0.0,0.047619047619047616,0.047619047619047616,0.09523809523809523,0.047619047619047616,0.047619047619047616,0.0,0.0,0.047619047619047616
LPGLSDTGGMPGQFGVGQLQE,0.0,0.0,0.0,0.047619047619047616,0.0,0.047619047619047616,0.14285714285714285,0.2857142857142857,0.0,0.0,0.14285714285714285,0.0,0.047619047619047616,0.047619047619047616,0.09523809523809523,0.047619047619047616,0.047619047619047616,0.0,0.0,0.047619047619047616
PGLSDTGGMPGQFGVGQLQEQ,0.0,0.0,0.0,0.047619047619047616,0.0,0.047619047619047616,0.19047619047619047,0.2857142857142857,0.0,0.0,0.09523809523809523,0.0,0.047619047619047616,0.047619047619047616,0.09523809523809523,0.047619047619047616,0.047619047619047616,0.0,0.0,0.047619047619047616
GLSDTGGMPGQFGVGQLQEQL,0.0,0.0,0.0,0.047619047619047616,0.0,0.047619047619047616,0.19047619047619047,0.2857142857142857,0.0,0.0,0.14285714285714285,0.0,0.047619047619047616,0.047619047619047616,0.047619047619047616,0.047619047619047616,0.047619047619047616,0.0,0.0,0.047619047619047616
LSDTGGMPGQFGVGQLQEQLG,0.0,0.0,0.0,0.047619047619047616,0.0,0.047619047619047616,0.19047619047619047,0.2857142857142857,0.0,0.0,0.14285714285714285,0.0,0.047619047619047616,0.047619047619047616,0.047619047619047616,0.047619047619047616,0.047619047619047616,0.0,0.0,0.047619047619047616
SDTGGMPGQFGVGQLQEQLGV,0.0,0.0,0.0,0.047619047619047616,0.0,0.047619047619047616,0.19047619047619047,0.2857142857142857,0.0,0.0,0.09523809523809523,0.0,0.047619047619047616,0.047619047619047616,0.047619047619047616,0.047619047619047616,0.047619047619047616,0.0,0.0,0.09523809523809523
DTGGMPGQFGVGQLQEQLGVS,0.0,0.0,0.0,0.047619047619047616,0.0,0.047619047619047616,0.19047619047619047,0.2857142857142857,0.0,0.0,0.09523809523809523,0.0,0.047619047619047616,0.047619047619047616,0.047619047619047616,0.047619047619047616,0.047619047619047616,0.0,0.0,0.09523809523809523
TGGMPGQFGVGQLQEQLGVSG,0.0,0.0,0.0,0.0,0.0,0.047619047619047616,0.19047619047619047,0.3333333333333333,0.0,0.0,0.09523809523809523,0.0,0.047619047619047616,0.047619047619047616,0.047619047619047616,0.047619047619047616,0.047619047619047616,0.0,0.0,0.09523809523809523
GGMPGQFGVGQLQEQLGVSGK,0.0,0.0,0.0,0.0,0.0,0.047619047619047616,0.19047619047619047,0.3333333333333333,0.0,0.0,0.09523809523809523,0.047619047619047616,0.047619047619047616,0.047619047619047616,0.047619047619047616,0.047619047619047616,0.0,0.0,0.0,0.09523809523809523
GMPGQFGVGQLQEQLGVSGKG,0.0,0.0,0.0,0.0,0.0,0.047619047619047616,0.19047619047619047,0.3333333333333333,0.0,0.0,0.09523809523809523,0.047619047619047616,0.047619047619047616,0.047619047619047616,0.047619047619047616,0.047619047619047616,0.0,0.0,0.0,0.09523809523809523
MPGQFGVGQLQEQLGVSGKGK,0.0,0.0,0.0,0.0,0.0,0.047619047619047616,0.19047619047619047,0.2857142857142857,0.0,0.0,0.09523809523809523,0.09523809523809523,0.047619047619047616,0.047619047619047616,0.047619047619047616,0.047619047619047616,0.0,0.0,0.0,0.09523809523809523
PGQFGVGQLQEQLGVSGKGKE,0.0,0.0,0.0,0.0,0.0,0.09523809523809523,0.19047619047619047,0.2857142857142857,0.0,0.0,0.09523809523809523,0.09523809523809523,0.0,0.047619047619047616,0.047619047619047616,0.047619047619047616,0.0,0.0,0.0,0.09523809523809523
GQFGVGQLQEQLGVSGKGKED,0.0,0.0,0.0,0.047619047619047616,0.0,0.09523809523809523,0.19047619047619047,0.2857142857142857,0.0,0.0,0.09523809523809523,0.09523809523809523,0.0,0.047619047619047616,0.0,0.047619047619047616,0.0,0.0,0.0,0.09523809523809523
QFGVGQLQEQLGVSGKGKEDT,0.0,0.0,0.0,0.047619047619047616,0.0,0.09523809523809523,0.19047619047619047,0.23809523809523808,0.0,0.0,0.09523809523809523,0.09523809523809523,0.0,0.047619047619047616,0.0,0.047619047619047616,0.047619047619047616,0.0,0.0,0.09523809523809523
FGVGQLQEQLGVSGKGKEDTL,0.0,0.0,0.0,0.047619047619047616,0.0,0.09523809523809523,0.14285714285714285,0.23809523809523808,0.0,0.0,0.14285714285714285,0.09523809523809523,0.0,0.047619047619047616,0.0,0.047619047619047616,0.047619047619047616,0.0,0.0,0.09523809523809523
GVGQLQEQLGVSGKGKEDTLP,0.0,0.0,0.0,0.047619047619047616,0.0,0.09523809523809523,0.14285714285714285,0.23809523809523808,0.0,0.0,0.14285714285714285,0.09523809523809523,0.0,0.0,0.047619047619047616,0.047619047619047616,0.047619047619047616,0.0,0.0,0.09523809523809523
VGQLQEQLGVSGKGKEDTLPH,0.0,0.0,0.0,0.047619047619047616,0.0,0.09523809523809523,0.14285714285714285,0.19047619047619047,0.047619047619047616,0.0,0.14285714285714285,0.09523809523809523,0.0,0.0,0.047619047619047616,0.047619047619047616,0.047619047619047616,0.0,0.0,0.09523809523809523
GQLQEQLGVSGKGKEDTLPHS,0.0,0.0,0.0,0.047619047619047616,0.0,0.09523809523809523,0.14285714285714285,0.19047619047619047,0.047619047619047616,0.0,0.14285714285714285,0.09523809523809523,0.0,0.0,0.047619047619047616,0.09523809523809523,0.047619047619047616,0.0,0.0,0.047619047619047616
QLQEQLGVSGKGKEDTLPHSS,0.0,0.0,0.0,0.047619047619047616,0.0,0.09523809523809523,0.14285714285714285,0.14285714285714285,0.047619047619047616,0.0,0.14285714285714285,0.09523809523809523,0.0,0.0,0.047619047619047616,0.14285714285714285,0.047619047619047616,0.0,0.0,0.047619047619047616
LQEQLGVSGKGKEDTLPHSSL,0.0,0.0,0.0,0.047619047619047616,0.0,0.09523809523809523,0.09523809523809523,0.14285714285714285,0.047619047619047616,0.0,0.19047619047619047,0.09523809523809523,0.0,0.0,0.047619047619047616,0.14285714285714285,0.047619047619047616,0.0,0.0,0.047619047619047616
QEQLGVSGKGKEDTLPHSSLS,0.0,0.0,0.0,0.047619047619047616,0.0,0.09523809523809523,0.09523809523809523,0.14285714285714285,0.047619047619047616,0.0,0.14285714285714285,0.09523809523809523,0.0,0.0,0.047619047619047616,0.19047619047619047,0.047619047619047616,0.0,0.0,0.047619047619047616
EQLGVSGKGKEDTLPHSSLSS,0.0,0.0,0.0,0.047619047619047616,0.0,0.09523809523809523,0.047619047619047616,0.14285714285714285,0.047619047619047616,0.0,0.14285714285714285,0.09523809523809523,0.0,0.0,0.047619047619047616,0.23809523809523808,0.047619047619047616,0.0,0.0,0.047619047619047616
QLGVSGKGKEDTLPHSSLSSP,0.0,0.0,0.0,0.047619047619047616,0.0,0.047619047619047616,0.047619047619047616,0.14285714285714285,0.047619047619047616,0.0,0.14285714285714285,0.09523809523809523,0.0,0.0,0.09523809523809523,0.23809523809523808,0.047619047619047616,0.0,0.0,0.047619047619047616
LGVSGKGKEDTLPHSSLSSPS,0.0,0.0,0.0,0.047619047619047616,0.0,0.047619047619047616,0.0,0.14285714285714285,0.047619047619047616,0.0,0.14285714285714285,0.09523809523809523,0.0,0.0,0.09523809523809523,0.2857142857142857,0.047619047619047616,0.0,0.0,0.047619047619047616
GVSGKGKEDTLPHSSLSSPSR,0.0,0.047619047619047616,0.0,0.047619047619047616,0.0,0.047619047619047616,0.0,0.14285714285714285,0.047619047619047616,0.0,0.09523809523809523,0.09523809523809523,0.0,0.0,0.09523809523809523,0.2857142857142857,0.047619047619047616,0.0,0.0,0.047619047619047616
VSGKGKEDTLPHSSLSSPSRP,0.0,0.047619047619047616,0.0,0.047619047619047616,0.0,0.047619047619047616,0.0,0.09523809523809523,0.047619047619047616,0.0,0.09523809523809523,0.09523809523809523,0.0,0.0,0.14285714285714285,0.2857142857142857,0.047619047619047616,0.0,0.0,0.047619047619047616
SGKGKEDTLPHSSLSSPSRPG,0.0,0.047619047619047616,0.0,0.047619047619047616,0.0,0.047619047619047616,0.0,0.14285714285714285,0.047619047619047616,0.0,0.09523809523809523,0.09523809523809523,0.0,0.0,0.14285714285714285,0.2857142857142857,0.047619047619047616,0.0,0.0,0.0
GKGKEDTLPHSSLSSPSRPGP,0.0,0.047619047619047616,0.0,0.047619047619047616,0.0,0.047619047619047616,0.0,0.14285714285714285,0.047619047619047616,0.0,0.09523809523809523,0.09523809523809523,0.0,0.0,0.19047619047619047,0.23809523809523808,0.047619047619047616,0.0,0.0,0.0
KGKEDTLPHSSLSSPSRPGPA,0.047619047619047616,0.047619047619047616,0.0,0.047619047619047616,0.0,0.047619047619047616,0.0,0.09523809523809523,0.047619047619047616,0.0,0.09523809523809523,0.09523809523809523,0.0,0.0,0.19047619047619047,0.23809523809523808,0.047619047619047616,0.0,0.0,0.0
GKEDTLPHSSLSSPSRPGPAQ,0.047619047619047616,0.047619047619047616,0.0,0.047619047619047616,0.0,0.047619047619047616,0.047619047619047616,0.09523809523809523,0.047619047619047616,0.0,0.09523809523809523,0.047619047619047616,0.0,0.0,0.19047619047619047,0.23809523809523808,0.047619047619047616,0.0,0.0,0.0
KEDTLPHSSLSSPSRPGPAQV,0.047619047619047616,0.047619047619047616,0.0,0.047619047619047616,0.0,0.047619047619047616,0.047619047619047616,0.047619047619047616,0.047619047619047616,0.0,0.09523809523809523,0.047619047619047616,0.0,0.0,0.19047619047619047,0.23809523809523808,0.047619047619047616,0.0,0.0,0.047619047619047616
EDTLPHSSLSSPSRPGPAQVS,0.047619047619047616,0.047619047619047616,0.0,0.047619047619047616,0.0,0.047619047619047616,0.047619047619047616,0.047619047619047616,0.047619047619047616,0.0,0.09523809523809523,0.0,0.0,0.0,0.19047619047619047,0.2857142857142857,0.047619047619047616,0.0,0.0,0.047619047619047616
DTLPHSSLSSPSRPGPAQVSP,0.047619047619047616,0.047619047619047616,0.0,0.047619047619047616,0.0,0.0,0.047619047619047616,0.047619047619047616,0.047619047619047616,0.0,0.09523809523809523,0.0,0.0,0.0,0.23809523809523808,0.2857142857142857,0.047619047619047616,0.0,0.0,0.047619047619047616
TLPHSSLSSPSRPGPAQVSPS,0.047619047619047616,0.047619047619047616,0.0,0.0,0.0,0.0,0.047619047619047616,0.047619047619047616,0.047619047619047616,0.0,0.09523809523809523,0.0,0.0,0.0,0.23809523809523808,0.3333333333333333,0.047619047619047616,0.0,0.0,0.047619047619047616
LPHSSLSSPSRPGPAQVSPSP,0.047619047619047616,0.047619047619047616,0.0,0.0,0.0,0.0,0.047619047619047616,0.047619047619047616,0.047619047619047616,0.0,0.09523809523809523,0.0,0.0,0.0,0.2857142857142857,0.3333333333333333,0.0,0.0,0.0,0.047619047619047616
PHSSLSSPSRPGPAQVSPSPK,0.047619047619047616,0.047619047619047616,0.0,0.0,0.0,0.0,0.047619047619047616,0.047619047619047616,0.047619047619047616,0.0,0.047619047619047616,0.047619047619047616,0.0,0.0,0.2857142857142857,0.3333333333333333,0.0,0.0,0.0,0.047619047619047616
HSSLSSPSRPGPAQVSPSPKT,0.047619047619047616,0.047619047619047616,0.0,0.0,0.0,0.0,0.047619047619047616,0.047619047619047616,0.047619047619047616,0.0,0.047619047619047616,0.047619047619047616,0.0,0.0,0.23809523809523808,0.3333333333333333,0.047619047619047616,0.0,0.0,0.047619047619047616
SSLSSPSRPGPAQVSPSPKTS,0.047619047619047616,0.047619047619047616,0.0,0.0,0.0,0.0,0.047619047619047616,0.047619047619047616,0.0,0.0,0.047619047619047616,0.047619047619047616,0.0,0.0,0.23809523809523808,0.38095238095238093,0.047619047619047616,0.0,0.0,0.047619047619047616
SLSSPSRPGPAQVSPSPKTSS,0.047619047619047616,0.047619047619047616,0.0,0.0,0.0,0.0,0.047619047619047616,0.047619047619047616,0.0,0.0,0.047619047619047616,0.047619047619047616,0.0,0.0,0.23809523809523808,0.38095238095238093,0.047619047619047616,0.0,0.0,0.047619047619047616
LSSPSRPGPAQVSPSPKTSSG,0.047619047619047616,0.047619047619047616,0.0,0.0,0.0,0.0,0.047619047619047616,0.09523809523809523,0.0,0.0,0.047619047619047616,0.047619047619047616,0.0,0.0,0.23809523809523808,0.3333333333333333,0.047619047619047616,0.0,0.0,0.047619047619047616
QAKSGTGPRAQPKTSGPVASK,0.14285714285714285,0.047619047619047616,0.0,0.0,0.0,0.0,0.09523809523809523,0.14285714285714285,0.0,0.0,0.0,0.14285714285714285,0.0,0.0,0.14285714285714285,0.14285714285714285,0.09523809523809523,0.0,0.0,0.047619047619047616
AKSGTGPRAQPKTSGPVASKT,0.14285714285714285,0.047619047619047616,0.0,0.0,0.0,0.0,0.047619047619047616,0.14285714285714285,0.0,0.0,0.0,0.14285714285714285,0.0,0.0,0.14285714285714285,0.14285714285714285,0.14285714285714285,0.0,0.0,0.047619047619047616
KSGTGPRAQPKTSGPVASKTG,0.09523809523809523,0.047619047619047616,0.0,0.0,0.0,0.0,0.047619047619047616,0.19047619047619047,0.0,0.0,0.0,0.14285714285714285,0.0,0.0,0.14285714285714285,0.14285714285714285,0.14285714285714285,0.0,0.0,0.047619047619047616
SGTGPRAQPKTSGPVASKTGA,0.14285714285714285,0.047619047619047616,0.0,0.0,0.0,0.0,0.047619047619047616,0.19047619047619047,0.0,0.0,0.0,0.09523809523809523,0.0,0.0,0.14285714285714285,0.14285714285714285,0.14285714285714285,0.0,0.0,0.047619047619047616
GTGPRAQPKTSGPVASKTGAA,0.19047619047619047,0.047619047619047616,0.0,0.0,0.0,0.0,0.047619047619047616,0.19047619047619047,0.0,0.0,0.0,0.09523809523809523,0.0,0.0,0.14285714285714285,0.09523809523809523,0.14285714285714285,0.0,0.0,0.047619047619047616
TGPRAQPKTSGPVASKTGAAP,0.19047619047619047,0.047619047619047616,0.0,0.0,0.0,0.0,0.047619047619047616,0.14285714285714285,0.0,0.0,0.0,0.09523809523809523,0.0,0.0,0.19047619047619047,0.09523809523809523,0.14285714285714285,0.0,0.0,0.047619047619047616
GPRAQPKTSGPVASKTGAAPA,0.23809523809523808,0.047619047619047616,0.0,0.0,0.0,0.0,0.047619047619047616,0.14285714285714285,0.0,0.0,0.0,0.09523809523809523,0.0,0.0,0.19047619047619047,0.09523809523809523,0.09523809523809523,0.0,0.0,0.047619047619047616
PRAQPKTSGPVASKTGAAPAG,0.23809523809523808,0.047619047619047616,0.0,0.0,0.0,0.0,0.047619047619047616,0.14285714285714285,0.0,0.0,0.0,0.09523809523809523,0.0,0.0,0.19047619047619047,0.09523809523809523,0.09523809523809523,0.0,0.0,0.047619047619047616
RAQPKTSGPVASKTGAAPAGP,0.23809523809523808,0.047619047619047616,0.0,0.0,0.0,0.0,0.047619047619047616,0.14285714285714285,0.0,0.0,0.0,0.09523809523809523,0.0,0.0,0.19047619047619047,0.09523809523809523,0.09523809523809523,0.0,0.0,0.047619047619047616
AQPKTSGPVASKTGAAPAGPG,0.23809523809523808,0.0,0.0,0.0,0.0,0.0,0.047619047619047616,0.19047619047619047,0.0,0.0,0.0,0.09523809523809523,0.0,0.0,0.19047619047619047,0.09523809523809523,0.09523809523809523,0.0,0.0,0.047619047619047616
QPKTSGPVASKTGAAPAGPGT,0.19047619047619047,0.0,0.0,0.0,0.0,0.0,0.047619047619047616,0.19047619047619047,0.0,0.0,0.0,0.09523809523809523,0.0,0.0,0.19047619047619047,0.09523809523809523,0.14285714285714285,0.0,0.0,0.047619047619047616
PKTSGPVASKTGAAPAGPGTS,0.19047619047619047,0.0,0.0,0.0,0.0,0.0,0.0,0.19047619047619047,0.0,0.0,0.0,0.09523809523809523,0.0,0.0,0.19047619047619047,0.14285714285714285,0.14285714285714285,0.0,0.0,0.047619047619047616
KTSGPVASKTGAAPAGPGTSK,0.19047619047619047,0.0,0.0,0.0,0.0,0.0,0.0,0.19047619047619047,0.0,0.0,0.0,0.14285714285714285,0.0,0.0,0.14285714285714285,0.14285714285714285,0.14285714285714285,0.0,0.0,0.047619047619047616
TSGPVASKTGAAPAGPGTSKP,0.19047619047619047,0.0,0.0,0.0,0.0,0.0,0.0,0.19047619047619047,0.0,0.0,0.0,0.09523809523809523,0.0,0.0,0.19047619047619047,0.14285714285714285,0.14285714285714285,0.0,0.0,0.047619047619047616
SGPVASKTGAAPAGPGTSKPA,0.23809523809523808,0.0,0.0,0.0,0.0,0.0,0.0,0.19047619047619047,0.0,0.0,0.0,0.09523809523809523,0.0,0.0,0.19047619047619047,0.14285714285714285,0.09523809523809523,0.0,0.0,0.047619047619047616
GPVASKTGAAPAGPGTSKPAK,0.23809523809523808,0.0,0.0,0.0,0.0,0.0,0.0,0.19047619047619047,0.0,0.0,0.0,0.14285714285714285,0.0,0.0,0.19047619047619047,0.09523809523809523,0.09523809523809523,0.0,0.0,0.047619047619047616
PVASKTGAAPAGPGTSKPAKT,0.23809523809523808,0.0,0.0,0.0,0.0,0.0,0.0,0.14285714285714285,0.0,0.0,0.0,0.14285714285714285,0.0,0.0,0.19047619047619047,0.09523809523809523,0.14285714285714285,0.0,0.0,0.047619047619047616
VASKTGAAPAGPGTSKPAKTP,0.23809523809523808,0.0,0.0,0.0,0.0,0.0,0.0,0.14285714285714285,0.0,0.0,0.0,0.14285714285714285,0.0,0.0,0.19047619047619047,0.09523809523809523,0.14285714285714285,0.0,0.0,0.047619047619047616
ASKTGAAPAGPGTSKPAKTPG,0.23809523809523808,0.0,0.0,0.0,0.0,0.0,0.0,0.19047619047619047,0.0,0.0,0.0,0.14285714285714285,0.0,0.0,0.19047619047619047,0.09523809523809523,0.14285714285714285,0.0,0.0,0.0
SKTGAAPAGPGTSKPAKTPGP,0.19047619047619047,0.0,0.0,0.0,0.0,0.0,0.0,0.19047619047619047,0.0,0.0,0.0,0.14285714285714285,0.0,0.0,0.23809523809523808,0.09523809523809523,0.14285714285714285,0.0,0.0,0.0
KTGAAPAGPGTSKPAKTPGPG,0.19047619047619047,0.0,0.0,0.0,0.0,0.0,0.0,0.23809523809523808,0.0,0.0,0.0,0.14285714285714285,0.0,0.0,0.23809523809523808,0.047619047619047616,0.14285714285714285,0.0,0.0,0.0
TGAAPAGPGTSKPAKTPGPGS,0.19047619047619047,0.0,0.0,0.0,0.0,0.0,0.0,0.23809523809523808,0.0,0.0,0.0,0.09523809523809523,0.0,0.0,0.23809523809523808,0.09523809523809523,0.14285714285714285,0.0,0.0,0.0
GAAPAGPGTSKPAKTPGPGSG,0.19047619047619047,0.0,0.0,0.0,0.0,0.0,0.0,0.2857142857142857,0.0,0.0,0.0,0.09523809523809523,0.0,0.0,0.23809523809523808,0.09523809523809523,0.09523809523809523,0.0,0.0,0.0
AAPAGPGTSKPAKTPGPGSGQ,0.19047619047619047,0.0,0.0,0.0,0.0,0.0,0.047619047619047616,0.23809523809523808,0.0,0.0,0.0,0.09523809523809523,0.0,0.0,0.23809523809523808,0.09523809523809523,0.09523809523809523,0.0,0.0,0.0
APAGPGTSKPAKTPGPGSGQT,0.14285714285714285,0.0,0.0,0.0,0.0,0.0,0.047619047619047616,0.23809523809523808,0.0,0.0,0.0,0.09523809523809523,0.0,0.0,0.23809523809523808,0.09523809523809523,0.14285714285714285,0.0,0.0,0.0
PAGPGTSKPAKTPGPGSGQTK,0.09523809523809523,0.0,0.0,0.0,0.0,0.0,0.047619047619047616,0.23809523809523808,0.0,0.0,0.0,0.14285714285714285,0.0,0.0,0.23809523809523808,0.09523809523809523,0.14285714285714285,0.0,0.0,0.0
AGPGTSKPAKTPGPGSGQTKA,0.14285714285714285,0.0,0.0,0.0,0.0,0.0,0.047619047619047616,0.23809523809523808,0.0,0.0,0.0,0.14285714285714285,0.0,0.0,0.19047619047619047,0.09523809523809523,0.14285714285714285,0.0,0.0,0.0
GPGTSKPAKTPGPGSGQTKAP,0.09523809523809523,0.0,0.0,0.0,0.0,0.0,0.047619047619047616,0.23809523809523808,0.0,0.0,0.0,0.14285714285714285,0.0,0.0,0.23809523809523808,0.09523809523809523,0.14285714285714285,0.0,0.0,0.0
PGTSKPAKTPGPGSGQTKAPG,0.09523809523809523,0.0,0.0,0.0,0.0,0.0,0.047619047619047616,0.23809523809523808,0.0,0.0,0.0,0.14285714285714285,0.0,0.0,0.23809523809523808,0.09523809523809523,0.14285714285714285,0.0,0.0,0.0
GTSKPAKTPGPGSGQTKAPGQ,0.09523809523809523,0.0,0.0,0.0,0.0,0.0,0.09523809523809523,0.23809523809523808,0.0,0.0,0.0,0.14285714285714285,0.0,0.0,0.19047619047619047,0.09523809523809523,0.14285714285714285,0.0,0.0,0.0
TSKPAKTPGPGSGQTKAPGQA,0.14285714285714285,0.0,0.0,0.0,0.0,0.0,0.09523809523809523,0.19047619047619047,0.0,0.0,0.0,0.14285714285714285,0.0,0.0,0.19047619047619047,0.09523809523809523,0.14285714285714285,0.0,0.0,0.0
SKPAKTPGPGSGQTKAPGQAG,0.14285714285714285,0.0,0.0,0.0,0.0,0.0,0.09523809523809523,0.23809523809523808,0.0,0.0,0.0,0.14285714285714285,0.0,0.0,0.19047619047619047,0.09523809523809523,0.09523809523809523,0.0,0.0,0.0
KPAKTPGPGSGQTKAPGQAGA,0.19047619047619047,0.0,0.0,0.0,0.0,0.0,0.09523809523809523,0.23809523809523808,0.0,0.0,0.0,0.14285714285714285,0.0,0.0,0.19047619047619047,0.047619047619047616,0.09523809523809523,0.0,0.0,0.0
PAKTPGPGSGQTKAPGQAGAG,0.19047619047619047,0.0,0.0,0.0,0.0,0.0,0.09523809523809523,0.2857142857142857,0.0,0.0,0.0,0.09523809523809523,0.0,0.0,0.19047619047619047,0.047619047619047616,0.09523809523809523,0.0,0.0,0.0
AKTPGPGSGQTKAPGQAGAGK,0.19047619047619047,0.0,0.0,0.0,0.0,0.0,0.09523809523809523,0.2857142857142857,0.0,0.0,0.0,0.14285714285714285,0.0,0.0,0.14285714285714285,0.047619047619047616,0.09523809523809523,0.0,0.0,0.0
KTPGPGSGQTKAPGQAGAGKA,0.19047619047619047,0.0,0.0,0.0,0.0,0.0,0.09523809523809523,0.2857142857142857,0.0,0.0,0.0,0.14285714285714285,0.0,0.0,0.14285714285714285,0.047619047619047616,0.09523809523809523,0.0,0.0,0.0
TPGPGSGQTKAPGQAGAGKAG,0.19047619047619047,0.0,0.0,0.0,0.0,0.0,0.09523809523809523,0.3333333333333333,0.0,0.0,0.0,0.09523809523809523,0.0,0.0,0.14285714285714285,0.047619047619047616,0.09523809523809523,0.0,0.0,0.0
PGPGSGQTKAPGQAGAGKAGP,0.19047619047619047,0.0,0.0,0.0,0.0,0.0,0.09523809523809523,0.3333333333333333,0.0,0.0,0.0,0.09523809523809523,0.0,0.0,0.19047619047619047,0.047619047619047616,0.047619047619047616,0.0,0.0,0.0
GPGSGQTKAPGQAGAGKAGPV,0.19047619047619047,0.0,0.0,0.0,0.0,0.0,0.09523809523809523,0.3333333333333333,0.0,0.0,0.0,0.09523809523809523,0.0,0.0,0.14285714285714285,0.047619047619047616,0.047619047619047616,0.0,0.0,0.047619047619047616
PGSGQTKAPGQAGAGKAGPVT,0.19047619047619047,0.0,0.0,0.0,0.0,0.0,0.09523809523809523,0.2857142857142857,0.0,0.0,0.0,0.09523809523809523,0.0,0.0,0.14285714285714285,0.047619047619047616,0.09523809523809523,0.0,0.0,0.047619047619047616
GSGQTKAPGQAGAGKAGPVTV,0.19047619047619047,0.0,0.0,0.0,0.0,0.0,0.09523809523809523,0.2857142857142857,0.0,0.0,0.0,0.09523809523809523,0.0,0.0,0.09523809523809523,0.047619047619047616,0.09523809523809523,0.0,0.0,0.09523809523809523
SGQTKAPGQAGAGKAGPVTVS,0.19047619047619047,0.0,0.0,0.0,0.0,0.0,0.09523809523809523,0.23809523809523808,0.0,0.0,0.0,0.09523809523809523,0.0,0.0,0.09523809523809523,0.09523809523809523,0.09523809523809523,0.0,0.0,0.09523809523809523
RGPTPPPPKPRGSRPGPKTGG,0.0,0.14285714285714285,0.0,0.0,0.0,0.0,0.0,0.23809523809523808,0.0,0.0,0.0,0.09523809523809523,0.0,0.0,0.38095238095238093,0.047619047619047616,0.09523809523809523,0.0,0.0,0.0
GPTPPPPKPRGSRPGPKTGGP,0.0,0.09523809523809523,0.0,0.0,0.0,0.0,0.0,0.23809523809523808,0.0,0.0,0.0,0.09523809523809523,0.0,0.0,0.42857142857142855,0.047619047619047616,0.09523809523809523,0.0,0.0,0.0
PTPPPPKPRGSRPGPKTGGPS,0.0,0.09523809523809523,0.0,0.0,0.0,0.0,0.0,0.19047619047619047,0.0,0.0,0.0,0.09523809523809523,0.0,0.0,0.42857142857142855,0.09523809523809523,0.09523809523809523,0.0,0.0,0.0
TPPPPKPRGSRPGPKTGGPSG,0.0,0.09523809523809523,0.0,0.0,0.0,0.0,0.0,0.23809523809523808,0.0,0.0,0.0,0.09523809523809523,0.0,0.0,0.38095238095238093,0.09523809523809523,0.09523809523809523,0.0,0.0,0.0
PPPPKPRGSRPGPKTGGPSGK,0.0,0.09523809523809523,0.0,0.0,0.0,0.0,0.0,0.23809523809523808,0.0,0.0,0.0,0.14285714285714285,0.0,0.0,0.38095238095238093,0.09523809523809523,0.047619047619047616,0.0,0.0,0.0
PPPKPRGSRPGPKTGGPSGKT,0.0,0.09523809523809523,0.0,0.0,0.0,0.0,0.0,0.23809523809523808,0.0,0.0,0.0,0.14285714285714285,0.0,0.0,0.3333333333333333,0.09523809523809523,0.09523809523809523,0.0,0.0,0.0
PPKPRGSRPGPKTGGPSGKTA,0.047619047619047616,0.09523809523809523,0.0,0.0,0.0,0.0,0.0,0.23809523809523808,0.0,0.0,0.0,0.14285714285714285,0.0,0.0,0.2857142857142857,0.09523809523809523,0.09523809523809523,0.0,0.0,0.0
PKPRGSRPGPKTGGPSGKTAP,0.047619047619047616,0.09523809523809523,0.0,0.0,0.0,0.0,0.0,0.23809523809523808,0.0,0.0,0.0,0.14285714285714285,0.0,0.0,0.2857142857142857,0.09523809523809523,0.09523809523809523,0.0,0.0,0.0
KPRGSRPGPKTGGPSGKTAPG,0.047619047619047616,0.09523809523809523,0.0,0.0,0.0,0.0,0.0,0.2857142857142857,0.0,0.0,0.0,0.14285714285714285,0.0,0.0,0.23809523809523808,0.09523809523809523,0.09523809523809523,0.0,0.0,0.0
PRGSRPGPKTGGPSGKTAPGS,0.047619047619047616,0.09523809523809523,0.0,0.0,0.0,0.0,0.0,0.2857142857142857,0.0,0.0,0.0,0.09523809523809523,0.0,0.0,0.23809523809523808,0.14285714285714285,0.09523809523809523,0.0,0.0,0.0
RGSRPGPKTGGPSGKTAPGSA,0.09523809523809523,0.09523809523809523,0.0,0.0,0.0,0.0,0.0,0.2857142857142857,0.0,0.0,0.0,0.09523809523809523,0.0,0.0,0.19047619047619047,0.14285714285714285,0.09523809523809523,0.0,0.0,0.0
GSRPGPKTGGPSGKTAPGSAG,0.09523809523809523,0.047619047619047616,0.0,0.0,0.0,0.0,0.0,0.3333333333333333,0.0,0.0,0.0,0.09523809523809523,0.0,0.0,0.19047619047619047,0.14285714285714285,0.09523809523809523,0.0,0.0,0.0
SRPGPKTGGPSGKTAPGSAGA,0.14285714285714285,0.047619047619047616,0.0,0.0,0.0,0.0,0.0,0.2857142857142857,0.0,0.0,0.0,0.09523809523809523,0.0,0.0,0.19047619047619047,0.14285714285714285,0.09523809523809523,0.0,0.0,0.0
RPGPKTGGPSGKTAPGSAGAK,0.14285714285714285,0.047619047619047616,0.0,0.0,0.0,0.0,0.0,0.2857142857142857,0.0,0.0,0.0,0.14285714285714285,0.0,0.0,0.19047619047619047,0.09523809523809523,0.09523809523809523,0.0,0.0,0.0
PGPKTGGPSGKTAPGSAGAKT,0.14285714285714285,0.0,0.0,0.0,0.0,0.0,0.0,0.2857142857142857,0.0,0.0,0.0,0.14285714285714285,0.0,0.0,0.19047619047619047,0.09523809523809523,0.14285714285714285,0.0,0.0,0.0
GPKTGGPSGKTAPGSAGAKTS,0.14285714285714285,0.0,0.0,0.0,0.0,0.0,0.0,0.2857142857142857,0.0,0.0,0.0,0.14285714285714285,0.0,0.0,0.14285714285714285,0.14285714285714285,0.14285714285714285,0.0,0.0,0.0
PKTGGPSGKTAPGSAGAKTSS,0.14285714285714285,0.0,0.0,0.0,0.0,0.0,0.0,0.23809523809523808,0.0,0.0,0.0,0.14285714285714285,0.0,0.0,0.14285714285714285,0.19047619047619047,0.14285714285714285,0.0,0.0,0.0
KTGGPSGKTAPGSAGAKTSSG,0.14285714285714285,0.0,0.0,0.0,0.0,0.0,0.0,0.2857142857142857,0.0,0.0,0.0,0.14285714285714285,0.0,0.0,0.09523809523809523,0.19047619047619047,0.14285714285714285,0.0,0.0,0.0
TGGPSGKTAPGSAGAKTSSGE,0.14285714285714285,0.0,0.0,0.0,0.0,0.047619047619047616,0.0,0.2857142857142857,0.0,0.0,0.0,0.09523809523809523,0.0,0.0,0.09523809523809523,0.19047619047619047,0.14285714285714285,0.0,0.0,0.0
GGPSGKTAPGSAGAKTSSGEA,0.19047619047619047,0.0,0.0,0.0,0.0,0.047619047619047616,0.0,0.2857142857142857,0.0,0.0,0.0,0.09523809523809523,0.0,0.0,0.09523809523809523,0.19047619047619047,0.09523809523809523,0.0,0.0,0.0
GPSGKTAPGSAGAKTSSGEAK,0.19047619047619047,0.0,0.0,0.0,0.0,0.047619047619047616,0.0,0.23809523809523808,0.0,0.0,0.0,0.14285714285714285,0.0,0.0,0.09523809523809523,0.19047619047619047,0.09523809523809523,0.0,0.0,0.0
PSGKTAPGSAGAKTSSGEAKT,0.19047619047619047,0.0,0.0,0.0,0.0,0.047619047619047616,0.0,0.19047619047619047,0.0,0.0,0.0,0.14285714285714285,0.0,0.0,0.09523809523809523,0.19047619047619047,0.14285714285714285,0.0,0.0,0.0
SGKTAPGSAGAKTSSGEAKTP,0.19047619047619047,0.0,0.0,0.0,0.0,0.047619047619047616,0.0,0.19047619047619047,0.0,0.0,0.0,0.14285714285714285,0.0,0.0,0.09523809523809523,0.19047619047619047,0.14285714285714285,0.0,0.0,0.0
GKTAPGSAGAKTSSGEAKTPS,0.19047619047619047,0.0,0.0,0.0,0.0,0.047619047619047616,0.0,0.19047619047619047,0.0,0.0,0.0,0.14285714285714285,0.0,0.0,0.09523809523809523,0.19047619047619047,0.14285714285714285,0.0,0.0,0.0
KTAPGSAGAKTSSGEAKTPSG,0.19047619047619047,0.0,0.0,0.0,0.0,0.047619047619047616,0.0,0.19047619047619047,0.0,0.0,0.0,0.14285714285714285,0.0,0.0,0.09523809523809523,0.19047619047619047,0.14285714285714285,0.0,0.0,0.0
TAPGSAGAKTSSGEAKTPSGT,0.19047619047619047,0.0,0.0,0.0,0.0,0.047619047619047616,0.0,0.19047619047619047,0.0,0.0,0.0,0.09523809523809523,0.0,0.0,0.09523809523809523,0.19047619047619047,0.19047619047619047,0.0,0.0,0.0
APGSAGAKTSSGEAKTPSGTS,0.19047619047619047,0.0,0.0,0.0,0.0,0.047619047619047616,0.0,0.19047619047619047,0.0,0.0,0.0,0.09523809523809523,0.0,0.0,0.09523809523809523,0.23809523809523808,0.14285714285714285,0.0,0.0,0.0
PGSAGAKTSSGEAKTPSGTSP,0.14285714285714285,0.0,0.0,0.0,0.0,0.047619047619047616,0.0,0.19047619047619047,0.0,0.0,0.0,0.09523809523809523,0.0,0.0,0.14285714285714285,0.23809523809523808,0.14285714285714285,0.0,0.0,0.0
GSAGAKTSSGEAKTPSGTSPK,0.14285714285714285,0.0,0.0,0.0,0.0,0.047619047619047616,0.0,0.19047619047619047,0.0,0.0,0.0,0.14285714285714285,0.0,0.0,0.09523809523809523,0.23809523809523808,0.14285714285714285,0.0,0.0,0.0
SAGAKTSSGEAKTPSGTSPKV,0.14285714285714285,0.0,0.0,0.0,0.0,0.047619047619047616,0.0,0.14285714285714285,0.0,0.0,0.0,0.14285714285714285,0.0,0.0,0.09523809523809523,0.23809523809523808,0.14285714285714285,0.0,0.0,0.047619047619047616
AGAKTSSGEAKTPSGTSPKVG,0.14285714285714285,0.0,0.0,0.0,0.0,0.047619047619047616,0.0,0.19047619047619047,0.0,0.0,0.0,0.14285714285714285,0.0,0.0,0.09523809523809523,0.19047619047619047,0.14285714285714285,0.0,0.0,0.047619047619047616
GAKTSSGEAKTPSGTSPKVGK,0.09523809523809523,0.0,0.0,0.0,0.0,0.047619047619047616,0.0,0.19047619047619047,0.0,0.0,0.0,0.19047619047619047,0.0,0.0,0.09523809523809523,0.19047619047619047,0.14285714285714285,0.0,0.0,0.047619047619047616
AKTSSGEAKTPSGTSPKVGKP,0.09523809523809523,0.0,0.0,0.0,0.0,0.047619047619047616,0.0,0.14285714285714285,0.0,0.0,0.0,0.19047619047619047,0.0,0.0,0.14285714285714285,0.19047619047619047,0.14285714285714285,0.0,0.0,0.047619047619047616
KTSSGEAKTPSGTSPKVGKPA,0.09523809523809523,0.0,0.0,0.0,0.0,0.047619047619047616,0.0,0.14285714285714285,0.0,0.0,0.0,0.19047619047619047,0.0,0.0,0.14285714285714285,0.19047619047619047,0.14285714285714285,0.0,0.0,0.047619047619047616
TSSGEAKTPSGTSPKVGKPAG,0.09523809523809523,0.0,0.0,0.0,0.0,0.047619047619047616,0.0,0.19047619047619047,0.0,0.0,0.0,0.14285714285714285,0.0,0.0,0.14285714285714285,0.19047619047619047,0.14285714285714285,0.0,0.0,0.047619047619047616
SSGEAKTPSGTSPKVGKPAGA,0.14285714285714285,0.0,0.0,0.0,0.0,0.047619047619047616,0.0,0.19047619047619047,0.0,0.0,0.0,0.14285714285714285,0.0,0.0,0.14285714285714285,0.19047619047619047,0.09523809523809523,0.0,0.0,0.047619047619047616
SGEAKTPSGTSPKVGKPAGAP,0.14285714285714285,0.0,0.0,0.0,0.0,0.047619047619047616,0.0,0.19047619047619047,0.0,0.0,0.0,0.14285714285714285,0.0,0.0,0.19047619047619047,0.14285714285714285,0.09523809523809523,0.0,0.0,0.047619047619047616
GEAKTPSGTSPKVGKPAGAPG,0.14285714285714285,0.0,0.0,0.0,0.0,0.047619047619047616,0.0,0.23809523809523808,0.0,0.0,0.0,0.14285714285714285,0.0,0.0,0.19047619047619047,0.09523809523809523,0.09523809523809523,0.0,0.0,0.047619047619047616
EAKTPSGTSPKVGKPAGAPGA,0.19047619047619047,0.0,0.0,0.0,0.0,0.047619047619047616,0.0,0.19047619047619047,0.0,0.0,0.0,0.14285714285714285,0.0,0.0,0.19047619047619047,0.09523809523809523,0.09523809523809523,0.0,0.0,0.047619047619047616
AKTPSGTSPKVGKPAGAPGAE,0.19047619047619047,0.0,0.0,0.0,0.0,0.047619047619047616,0.0,0.19047619047619047,0.0,0.0,0.0,0.14285714285714285,0.0,0.0,0.19047619047619047,0.09523809523809523,0.09523809523809523,0.0,0.0,0.047619047619047616
KTPSGTSPKVGKPAGAPGAEK,0.14285714285714285,0.0,0.0,0.0,0.0,0.047619047619047616,0.0,0.19047619047619047,0.0,0.0,0.0,0.19047619047619047,0.0,0.0,0.19047619047619047,0.09523809523809523,0.09523809523809523,0.0,0.0,0.047619047619047616
TPSGTSPKVGKPAGAPGAEKS,0.14285714285714285,0.0,0.0,0.0,0.0,0.047619047619047616,0.0,0.19047619047619047,0.0,0.0,0.0,0.14285714285714285,0.0,0.0,0.19047619047619047,0.14285714285714285,0.09523809523809523,0.0,0.0,0.047619047619047616
GPPGVSSKPGGSGPKAGKPGS,0.047619047619047616,0.0,0.0,0.0,0.0,0.0,0.0,0.3333333333333333,0.0,0.0,0.0,0.14285714285714285,0.0,0.0,0.23809523809523808,0.19047619047619047,0.0,0.0,0.0,0.047619047619047616
PPGVSSKPGGSGPKAGKPGSG,0.047619047619047616,0.0,0.0,0.0,0.0,0.0,0.0,0.3333333333333333,0.0,0.0,0.0,0.14285714285714285,0.0,0.0,0.23809523809523808,0.19047619047619047,0.0,0.0,0.0,0.047619047619047616
PGVSSKPGGSGPKAGKPGSGG,0.047619047619047616,0.0,0.0,0.0,0.0,0.0,0.0,0.38095238095238093,0.0,0.0,0.0,0.14285714285714285,0.0,0.0,0.19047619047619047,0.19047619047619047,0.0,0.0,0.0,0.047619047619047616
GVSSKPGGSGPKAGKPGSGGA,0.09523809523809523,0.0,0.0,0.0,0.0,0.0,0.0,0.38095238095238093,0.0,0.0,0.0,0.14285714285714285,0.0,0.0,0.14285714285714285,0.19047619047619047,0.0,0.0,0.0,0.047619047619047616
VSSKPGGSGPKAGKPGSGGAG,0.09523809523809523,0.0,0.0,0.0,0.0,0.0,0.0,0.38095238095238093,0.0,0.0,0.0,0.14285714285714285,0.0,0.0,0.14285714285714285,0.19047619047619047,0.0,0.0,0.0,0.047619047619047616
SSKPGGSGPKAGKPGSGGAGP,0.09523809523809523,0.0,0.0,0.0,0.0,0.0,0.0,0.38095238095238093,0.0,0.0,0.0,0.14285714285714285,0.0,0.0,0.19047619047619047,0.19047619047619047,0.0,0.0,0.0,0.0
SKPGGSGPKAGKPGSGGAGPS,0.09523809523809523,0.0,0.0,0.0,0.0,0.0,0.0,0.38095238095238093,0.0,0.0,0.0,0.14285714285714285,0.0,0.0,0.19047619047619047,0.19047619047619047,0.0,0.0,0.0,0.0
KPGGSGPKAGKPGSGGAGPSG,0.09523809523809523,0.0,0.0,0.0,0.0,0.0,0.0,0.42857142857142855,0.0,0.0,0.0,0.14285714285714285,0.0,0.0,0.19047619047619047,0.14285714285714285,0.0,0.0,0.0,0.0
PGGSGPKAGKPGSGGAGPSGS,0.09523809523809523,0.0,0.0,0.0,0.0,0.0,0.0,0.42857142857142855,0.0,0.0,0.0,0.09523809523809523,0.0,0.0,0.19047619047619047,0.19047619047619047,0.0,0.0,0.0,0.0
GGSGPKAGKPGSGGAGPSGSP,0.09523809523809523,0.0,0.0,0.0,0.0,0.0,0.0,0.42857142857142855,0.0,0.0,0.0,0.09523809523809523,0.0,0.0,0.19047619047619047,0.19047619047619047,0.0,0.0,0.0,0.0
GSGPKAGKPGSGGAGPSGSPG,0.09523809523809523,0.0,0.0,0.0,0.0,0.0,0.0,0.42857142857142855,0.0,0.0,0.0,0.09523809523809523,0.0,0.0,0.19047619047619047,0.19047619047619047,0.0,0.0,0.0,0.0
SGPKAGKPGSGGAGPSGSPGK,0.09523809523809523,0.0,0.0,0.0,0.0,0.0,0.0,0.38095238095238093,0.0,0.0,0.0,0.14285714285714285,0.0,0.0,0.19047619047619047,0.19047619047619047,0.0,0.0,0.0,0.0
GPKAGKPGSGGAGPSGSPGKP,0.09523809523809523,0.0,0.0,0.0,0.0,0.0,0.0,0.38095238095238093,0.0,0.0,0.0,0.14285714285714285,0.0,0.0,0.23809523809523808,0.14285714285714285,0.0,0.0,0.0,0.0
PKAGKPGSGGAGPSGSPGKPG,0.09523809523809523,0.0,0.0,0.0,0.0,0.0,0.0,0.38095238095238093,0.0,0.0,0.0,0.14285714285714285,0.0,0.0,0.23809523809523808,0.14285714285714285,0.0,0.0,0.0,0.0
KAGKPGSGGAGPSGSPGKPGT,0.09523809523809523,0.0,0.0,0.0,0.0,0.0,0.0,0.38095238095238093,0.0,0.0,0.0,0.14285714285714285,0.0,0.0,0.19047619047619047,0.14285714285714285,0.047619047619047616,0.0,0.0,0.0
AGKPGSGGAGPSGSPGKPGTK,0.09523809523809523,0.0,0.0,0.0,0.0,0.0,0.0,0.38095238095238093,0.0,0.0,0.0,0.14285714285714285,0.0,0.0,0.19047619047619047,0.14285714285714285,0.047619047619047616,0.0,0.0,0.0
GKPGSGGAGPSGSPGKPGTKG,0.047619047619047616,0.0,0.0,0.0,0.0,0.0,0.0,0.42857142857142855,0.0,0.0,0.0,0.14285714285714285,0.0,0.0,0.19047619047619047,0.14285714285714285,0.047619047619047616,0.0,0.0,0.0
KPGSGGAGPSGSPGKPGTKGP,0.047619047619047616,0.0,0.0,0.0,0.0,0.0,0.0,0.38095238095238093,0.0,0.0,0.0,0.14285714285714285,0.0,0.0,0.23809523809523808,0.14285714285714285,0.047619047619047616,0.0,0.0,0.0
PGSGGAGPSGSPGKPGTKGPK,0.047619047619047616,0.0,0.0,0.0,0.0,0.0,0.0,0.38095238095238093,0.0,0.0,0.0,0.14285714285714285,0.0,0.0,0.23809523809523808,0.14285714285714285,0.047619047619047616,0.0,0.0,0.0
GSGGAGPSGSPGKPGTKGPKG,0.047619047619047616,0.0,0.0,0.0,0.0,0.0,0.0,0.42857142857142855,0.0,0.0,0.0,0.14285714285714285,0.0,0.0,0.19047619047619047,0.14285714285714285,0.047619047619047616,0.0,0.0,0.0
SGGAGPSGSPGKPGTKGPKGA,0.09523809523809523,0.0,0.0,0.0,0.0,0.0,0.0,0.38095238095238093,0.0,0.0,0.0,0.14285714285714285,0.0,0.0,0.19047619047619047,0.14285714285714285,0.047619047619047616,0.0,0.0,0.0
GGAGPSGSPGKPGTKGPKGAK,0.09523809523809523,0.0,0.0,0.0,0.0,0.0,0.0,0.38095238095238093,0.0,0.0,0.0,0.19047619047619047,0.0,0.0,0.19047619047619047,0.09523809523809523,0.047619047619047616,0.0,0.0,0.0
GAGPSGSPGKPGTKGPKGAKG,0.09523809523809523,0.0,0.0,0.0,0.0,0.0,0.0,0.38095238095238093,0.0,0.0,0.0,0.19047619047619047,0.0,0.0,0.19047619047619047,0.09523809523809523,0.047619047619047616,0.0,0.0,0.0
AGPSGSPGKPGTKGPKGAKGP,0.09523809523809523,0.0,0.0,0.0,0.0,0.0,0.0,0.3333333333333333,0.0,0.0,0.0,0.19047619047619047,0.0,0.0,0.23809523809523808,0.09523809523809523,0.047619047619047616,0.0,0.0,0.0
GPSGSPGKPGTKGPKGAKGPK,0.047619047619047616,0.0,0.0,0.0,0.0,0.0,0.0,0.3333333333333333,0.0,0.0,0.0,0.23809523809523808,0.0,0.0,0.23809523809523808,0.09523809523809523,0.047619047619047616,0.0,0.0,0.0
PSGSPGKPGTKGPKGAKGPKG,0.047619047619047616,0.0,0.0,0.0,0.0,0.0,0.0,0.3333333333333333,0.0,0.0,0.0,0.23809523809523808,0.0,0.0,0.23809523809523808,0.09523809523809523,0.047619047619047616,0.0,0.0,0.0
SGSPGKPGTKGPKGAKGPKGA,0.09523809523809523,0.0,0.0,0.0,0.0,0.0,0.0,0.3333333333333333,0.0,0.0,0.0,0.23809523809523808,0.0,0.0,0.19047619047619047,0.09523809523809523,0.047619047619047616,0.0,0.0,0.0
GSPGKPGTKGPKGAKGPKGAK,0.09523809523809523,0.0,0.0,0.0,0.0,0.0,0.0,0.3333333333333333,0.0,0.0,0.0,0.2857142857142857,0.0,0.0,0.19047619047619047,0.047619047619047616,0.047619047619047616,0.0,0.0,0.0
SPGKPGTKGPKGAKGPKGAKG,0.09523809523809523,0.0,0.0,0.0,0.0,0.0,0.0,0.3333333333333333,0.0,0.0,0.0,0.2857142857142857,0.0,0.0,0.19047619047619047,0.047619047619047616,0.047619047619047616,0.0,0.0,0.0
PGKPGTKGPKGAKGPKGAKGP,0.09523809523809523,0.0,0.0,0.0,0.0,0.0,0.0,0.3333333333333333,0.0,0.0,0.0,0.2857142857142857,0.0,0.0,0.23809523809523808,0.0,0.047619047619047616,0.0,0.0,0.0
GKPGTKGPKGAKGPKGAKGPK,0.09523809523809523,0.0,0.0,0.0,0.0,0.0,0.0,0.3333333333333333,0.0,0.0,0.0,0.3333333333333333,0.0,0.0,0.19047619047619047,0.0,0.047619047619047616,0.0,0.0,0.0
KPGTKGPKGAKGPKGAKGPKG,0.09523809523809523,0.0,0.0,0.0,0.0,0.0,0.0,0.3333333333333333,0.0,0.0,0.0,0.3333333333333333,0.0,0.0,0.19047619047619047,0.0,0.047619047619047616,0.0,0.0,0.0
PGTKGPKGAKGPKGAKGPKGP,0.09523809523809523,0.0,0.0,0.0,0.0,0.0,0.0,0.3333333333333333,0.0,0.0,0.0,0.2857142857142857,0.0,0.0,0.23809523809523808,0.0,0.047619047619047616,0.0,0.0,0.0
GTKGPKGAKGPKGAKGPKGPK,0.09523809523809523,0.0,0.0,0.0,0.0,0.0,0.0,0.3333333333333333,0.0,0.0,0.0,0.3333333333333333,0.0,0.0,0.19047619047619047,0.0,0.047619047619047616,0.0,0.0,0.0
TKGPKGAKGPKGAKGPKGPKG,0.09523809523809523,0.0,0.0,0.0,0.0,0.0,0.0,0.3333333333333333,0.0,0.0,0.0,0.3333333333333333,0.0,0.0,0.19047619047619047,0.0,0.047619047619047616,0.0,0.0,0.0
KGPKGAKGPKGAKGPKGPKGA,0.14285714285714285,0.0,0.0,0.0,0.0,0.0,0.0,0.3333333333333333,0.0,0.0,0.0,0.3333333333333333,0.0,0.0,0.19047619047619047,0.0,0.0,0.0,0.0,0.0
GPKGAKGPKGAKGPKGPKGAK,0.14285714285714285,0.0,0.0,0.0,0.0,0.0,0.0,0.3333333333333333,0.0,0.0,0.0,0.3333333333333333,0.0,0.0,0.19047619047619047,0.0,0.0,0.0,0.0,0.0
PKGAKGPKGAKGPKGPKGAKG,0.14285714285714285,0.0,0.0,0.0,0.0,0.0,0.0,0.3333333333333333,0.0,0.0,0.0,0.3333333333333333,0.0,0.0,0.19047619047619047,0.0,0.0,0.0,0.0,0.0
KGAKGPKGAKGPKGPKGAKGA,0.19047619047619047,0.0,0.0,0.0,0.0,0.0,0.0,0.3333333333333333,0.0,0.0,0.0,0.3333333333333333,0.0,0.0,0.14285714285714285,0.0,0.0,0.0,0.0,0.0
GAKGPKGAKGPKGPKGAKGAK,0.19047619047619047,0.0,0.0,0.0,0.0,0.0,0.0,0.3333333333333333,0.0,0.0,0.0,0.3333333333333333,0.0,0.0,0.14285714285714285,0.0,0.0,0.0,0.0,0.0
AKGPKGAKGPKGPKGAKGAKG,0.19047619047619047,0.0,0.0,0.0,0.0,0.0,0.0,0.3333333333333333,0.0,0.0,0.0,0.3333333333333333,0.0,0.0,0.14285714285714285,0.0,0.0,0.0,0.0,0.0
KGPKGAKGPKGPKGAKGAKGP,0.14285714285714285,0.0,0.0,0.0,0.0,0.0,0.0,0.3333333333333333,0.0,0.0,0.0,0.3333333333333333,0.0,0.0,0.19047619047619047,0.0,0.0,0.0,0.0,0.0
KGAKGPKGPKGAQGPKGPKGP,0.09523809523809523,0.0,0.0,0.0,0.0,0.0,0.047619047619047616,0.3333333333333333,0.0,0.0,0.0,0.2857142857142857,0.0,0.0,0.23809523809523808,0.0,0.0,0.0,0.0,0.0
GAKGPKGPKGAQGPKGPKGPK,0.09523809523809523,0.0,0.0,0.0,0.0,0.0,0.047619047619047616,0.3333333333333333,0.0,0.0,0.0,0.2857142857142857,0.0,0.0,0.23809523809523808,0.0,0.0,0.0,0.0,0.0
AKGPKGPKGAQGPKGPKGPKG,0.09523809523809523,0.0,0.0,0.0,0.0,0.0,0.047619047619047616,0.3333333333333333,0.0,0.0,0.0,0.2857142857142857,0.0,0.0,0.23809523809523808,0.0,0.0,0.0,0.0,0.0
KGPKGPKGAQGPKGPKGPKGP,0.047619047619047616,0.0,0.0,0.0,0.0,0.0,0.047619047619047616,0.3333333333333333,0.0,0.0,0.0,0.2857142857142857,0.0,0.0,0.2857142857142857,0.0,0.0,0.0,0.0,0.0
GPKGPKGAQGPKGPKGPKGPK,0.047619047619047616,0.0,0.0,0.0,0.0,0.0,0.047619047619047616,0.3333333333333333,0.0,0.0,0.0,0.2857142857142857,0.0,0.0,0.2857142857142857,0.0,0.0,0.0,0.0,0.0
PKGPKGAQGPKGPKGPKGPKG,0.047619047619047616,0.0,0.0,0.0,0.0,0.0,0.047619047619047616,0.3333333333333333,0.0,0.0,0.0,0.2857142857142857,0.0,0.0,0.2857142857142857,0.0,0.0,0.0,0.0,0.0
KGPKGAQGPKGPKGPKGPKGP,0.047619047619047616,0.0,0.0,0.0,0.0,0.0,0.047619047619047616,0.3333333333333333,0.0,0.0,0.0,0.2857142857142857,0.0,0.0,0.2857142857142857,0.0,0.0,0.0,0.0,0.0
GPKGAQGPKGPKGPKGPKGPK,0.047619047619047616,0.0,0.0,0.0,0.0,0.0,0.047619047619047616,0.3333333333333333,0.0,0.0,0.0,0.2857142857142857,0.0,0.0,0.2857142857142857,0.0,0.0,0.0,0.0,0.0
PKGAQGPKGPKGPKGPKGPKG,0.047619047619047616,0.0,0.0,0.0,0.0,0.0,0.047619047619047616,0.3333333333333333,0.0,0.0,0.0,0.2857142857142857,0.0,0.0,0.2857142857142857,0.0,0.0,0.0,0.0,0.0
KGAQGPKGPKGPKGPKGPKGP,0.047619047619047616,0.0,0.0,0.0,0.0,0.0,0.047619047619047616,0.3333333333333333,0.0,0.0,0.0,0.2857142857142857,0.0,0.0,0.2857142857142857,0.0,0.0,0.0,0.0,0.0
GAQGPKGPKGPKGPKGPKGPK,0.047619047619047616,0.0,0.0,0.0,0.0,0.0,0.047619047619047616,0.3333333333333333,0.0,0.0,0.0,0.2857142857142857,0.0,0.0,0.2857142857142857,0.0,0.0,0.0,0.0,0.0
AQGPKGPKGPKGPKGPKGPKG,0.047619047619047616,0.0,0.0,0.0,0.0,0.0,0.047619047619047616,0.3333333333333333,0.0,0.0,0.0,0.2857142857142857,0.0,0.0,0.2857142857142857,0.0,0.0,0.0,0.0,0.0
QGPKGPKGPKGPKGPKGPKGP,0.0,0.0,0.0,0.0,0.0,0.0,0.047619047619047616,0.3333333333333333,0.0,0.0,0.0,0.2857142857142857,0.0,0.0,0.3333333333333333,0.0,0.0,0.0,0.0,0.0
GPKGPKGPKGPKGPKGPKGPK,0.0,0.0,0.0,0.0,0.0,0.0,0.0,0.3333333333333333,0.0,0.0,0.0,0.3333333333333333,0.0,0.0,0.3333333333333333,0.0,0.0,0.0,0.0,0.0
PKGPKGPKGPKGPKGPKGPKG,0.0,0.0,0.0,0.0,0.0,0.0,0.0,0.3333333333333333,0.0,0.0,0.0,0.3333333333333333,0.0,0.0,0.3333333333333333,0.0,0.0,0.0,0.0,0.0
KGPKGPKGPKGPKGPKGPKGP,0.0,0.0,0.0,0.0,0.0,0.0,0.0,0.3333333333333333,0.0,0.0,0.0,0.3333333333333333,0.0,0.0,0.3333333333333333,0.0,0.0,0.0,0.0,0.0
GPKGPKGPKGPKGPKGPKGPK,0.0,0.0,0.0,0.0,0.0,0.0,0.0,0.3333333333333333,0.0,0.0,0.0,0.3333333333333333,0.0,0.0,0.3333333333333333,0.0,0.0,0.0,0.0,0.0
PKGPKGPKGPKGPKGPKGPKG,0.0,0.0,0.0,0.0,0.0,0.0,0.0,0.3333333333333333,0.0,0.0,0.0,0.3333333333333333,0.0,0.0,0.3333333333333333,0.0,0.0,0.0,0.0,0.0
KGPKGPKGPKGPKGPKGPKGP,0.0,0.0,0.0,0.0,0.0,0.0,0.0,0.3333333333333333,0.0,0.0,0.0,0.3333333333333333,0.0,0.0,0.3333333333333333,0.0,0.0,0.0,0.0,0.0
GPKGPKGPKGPKGPKGPKGPK,0.0,0.0,0.0,0.0,0.0,0.0,0.0,0.3333333333333333,0.0,0.0,0.0,0.3333333333333333,0.0,0.0,0.3333333333333333,0.0,0.0,0.0,0.0,0.0
PKGPKGPKGPKGPKGPKGPKG,0.0,0.0,0.0,0.0,0.0,0.0,0.0,0.3333333333333333,0.0,0.0,0.0,0.3333333333333333,0.0,0.0,0.3333333333333333,0.0,0.0,0.0,0.0,0.0
KGPKGPKGPKGPKGPKGPKGP,0.0,0.0,0.0,0.0,0.0,0.0,0.0,0.3333333333333333,0.0,0.0,0.0,0.3333333333333333,0.0,0.0,0.3333333333333333,0.0,0.0,0.0,0.0,0.0
GPKGPKGPKGPKGPKGPKGPK,0.0,0.0,0.0,0.0,0.0,0.0,0.0,0.3333333333333333,0.0,0.0,0.0,0.3333333333333333,0.0,0.0,0.3333333333333333,0.0,0.0,0.0,0.0,0.0
PKGPKGPKGPKGPKGPKGPKG,0.0,0.0,0.0,0.0,0.0,0.0,0.0,0.3333333333333333,0.0,0.0,0.0,0.3333333333333333,0.0,0.0,0.3333333333333333,0.0,0.0,0.0,0.0,0.0
KGPKGPKGPKGPKGPKGPKGP,0.0,0.0,0.0,0.0,0.0,0.0,0.0,0.3333333333333333,0.0,0.0,0.0,0.3333333333333333,0.0,0.0,0.3333333333333333,0.0,0.0,0.0,0.0,0.0
GPKGPKGPKGPKGPKGPKGPK,0.0,0.0,0.0,0.0,0.0,0.0,0.0,0.3333333333333333,0.0,0.0,0.0,0.3333333333333333,0.0,0.0,0.3333333333333333,0.0,0.0,0.0,0.0,0.0
PKGPKGPKGPKGPKGPKGPKG,0.0,0.0,0.0,0.0,0.0,0.0,0.0,0.3333333333333333,0.0,0.0,0.0,0.3333333333333333,0.0,0.0,0.3333333333333333,0.0,0.0,0.0,0.0,0.0
KGPKGPKGPKGPKGPKGPKGP,0.0,0.0,0.0,0.0,0.0,0.0,0.0,0.3333333333333333,0.0,0.0,0.0,0.3333333333333333,0.0,0.0,0.3333333333333333,0.0,0.0,0.0,0.0,0.0
GPKGPKGPKGPKGPKGPKGPK,0.0,0.0,0.0,0.0,0.0,0.0,0.0,0.3333333333333333,0.0,0.0,0.0,0.3333333333333333,0.0,0.0,0.3333333333333333,0.0,0.0,0.0,0.0,0.0
PKGPKGPKGPKGPKGPKGPKG,0.0,0.0,0.0,0.0,0.0,0.0,0.0,0.3333333333333333,0.0,0.0,0.0,0.3333333333333333,0.0,0.0,0.3333333333333333,0.0,0.0,0.0,0.0,0.0
KGPKGPKGPKGPKGPKGPKGP,0.0,0.0,0.0,0.0,0.0,0.0,0.0,0.3333333333333333,0.0,0.0,0.0,0.3333333333333333,0.0,0.0,0.3333333333333333,0.0,0.0,0.0,0.0,0.0
GPKGPKGPKGPKGPKGPKGPK,0.0,0.0,0.0,0.0,0.0,0.0,0.0,0.3333333333333333,0.0,0.0,0.0,0.3333333333333333,0.0,0.0,0.3333333333333333,0.0,0.0,0.0,0.0,0.0
PKGPKGPKGPKGPKGPKGPKG,0.0,0.0,0.0,0.0,0.0,0.0,0.0,0.3333333333333333,0.0,0.0,0.0,0.3333333333333333,0.0,0.0,0.3333333333333333,0.0,0.0,0.0,0.0,0.0
KGPKGPKGPKGPKGPKGPKGP,0.0,0.0,0.0,0.0,0.0,0.0,0.0,0.3333333333333333,0.0,0.0,0.0,0.3333333333333333,0.0,0.0,0.3333333333333333,0.0,0.0,0.0,0.0,0.0
GPKGPKGPKGPKGPKGPKGPK,0.0,0.0,0.0,0.0,0.0,0.0,0.0,0.3333333333333333,0.0,0.0,0.0,0.3333333333333333,0.0,0.0,0.3333333333333333,0.0,0.0,0.0,0.0,0.0
PKGPKGPKGPKGPKGPKGPKG,0.0,0.0,0.0,0.0,0.0,0.0,0.0,0.3333333333333333,0.0,0.0,0.0,0.3333333333333333,0.0,0.0,0.3333333333333333,0.0,0.0,0.0,0.0,0.0
KGPKGPKGPKGPKGPKGPKGP,0.0,0.0,0.0,0.0,0.0,0.0,0.0,0.3333333333333333,0.0,0.0,0.0,0.3333333333333333,0.0,0.0,0.3333333333333333,0.0,0.0,0.0,0.0,0.0
GPKGPKGPKGPKGPKGPKGPK,0.0,0.0,0.0,0.0,0.0,0.0,0.0,0.3333333333333333,0.0,0.0,0.0,0.3333333333333333,0.0,0.0,0.3333333333333333,0.0,0.0,0.0,0.0,0.0
PKGPKGPKGPKGPKGPKGPKG,0.0,0.0,0.0,0.0,0.0,0.0,0.0,0.3333333333333333,0.0,0.0,0.0,0.3333333333333333,0.0,0.0,0.3333333333333333,0.0,0.0,0.0,0.0,0.0
KGPKGPKGPKGPKGPKGPKGP,0.0,0.0,0.0,0.0,0.0,0.0,0.0,0.3333333333333333,0.0,0.0,0.0,0.3333333333333333,0.0,0.0,0.3333333333333333,0.0,0.0,0.0,0.0,0.0
GPKGPKGPKGPKGPKGPKGPK,0.0,0.0,0.0,0.0,0.0,0.0,0.0,0.3333333333333333,0.0,0.0,0.0,0.3333333333333333,0.0,0.0,0.3333333333333333,0.0,0.0,0.0,0.0,0.0
PKGPKGPKGPKGPKGPKGPKG,0.0,0.0,0.0,0.0,0.0,0.0,0.0,0.3333333333333333,0.0,0.0,0.0,0.3333333333333333,0.0,0.0,0.3333333333333333,0.0,0.0,0.0,0.0,0.0
PKGPKGPKGPKGPKGPKGPKG,0.0,0.0,0.0,0.0,0.0,0.0,0.0,0.3333333333333333,0.0,0.0,0.0,0.3333333333333333,0.0,0.0,0.3333333333333333,0.0,0.0,0.0,0.0,0.0
KGPKGPKGPKGPKGPKGPKGP,0.0,0.0,0.0,0.0,0.0,0.0,0.0,0.3333333333333333,0.0,0.0,0.0,0.3333333333333333,0.0,0.0,0.3333333333333333,0.0,0.0,0.0,0.0,0.0
GPKGPKGPKGPKGPKGPKGPK,0.0,0.0,0.0,0.0,0.0,0.0,0.0,0.3333333333333333,0.0,0.0,0.0,0.3333333333333333,0.0,0.0,0.3333333333333333,0.0,0.0,0.0,0.0,0.0
PKGPKGPKGPKGPKGPKGPKG,0.0,0.0,0.0,0.0,0.0,0.0,0.0,0.3333333333333333,0.0,0.0,0.0,0.3333333333333333,0.0,0.0,0.3333333333333333,0.0,0.0,0.0,0.0,0.0
KGPKGPKGPKGPKGPKGPKGP,0.0,0.0,0.0,0.0,0.0,0.0,0.0,0.3333333333333333,0.0,0.0,0.0,0.3333333333333333,0.0,0.0,0.3333333333333333,0.0,0.0,0.0,0.0,0.0
GPKGPKGPKGPKGPKGPKGPK,0.0,0.0,0.0,0.0,0.0,0.0,0.0,0.3333333333333333,0.0,0.0,0.0,0.3333333333333333,0.0,0.0,0.3333333333333333,0.0,0.0,0.0,0.0,0.0
PKGPKGPKGPKGPKGPKGPKG,0.0,0.0,0.0,0.0,0.0,0.0,0.0,0.3333333333333333,0.0,0.0,0.0,0.3333333333333333,0.0,0.0,0.3333333333333333,0.0,0.0,0.0,0.0,0.0
KGPKGPKGPKGPKGPKGPKGP,0.0,0.0,0.0,0.0,0.0,0.0,0.0,0.3333333333333333,0.0,0.0,0.0,0.3333333333333333,0.0,0.0,0.3333333333333333,0.0,0.0,0.0,0.0,0.0
GPKGPKGPKGPKGPKGPKGPK,0.0,0.0,0.0,0.0,0.0,0.0,0.0,0.3333333333333333,0.0,0.0,0.0,0.3333333333333333,0.0,0.0,0.3333333333333333,0.0,0.0,0.0,0.0,0.0
PKGPKGPKGPKGPKGPKGPKG,0.0,0.0,0.0,0.0,0.0,0.0,0.0,0.3333333333333333,0.0,0.0,0.0,0.3333333333333333,0.0,0.0,0.3333333333333333,0.0,0.0,0.0,0.0,0.0
KGPKGPKGPKGPKGPKGPKGP,0.0,0.0,0.0,0.0,0.0,0.0,0.0,0.3333333333333333,0.0,0.0,0.0,0.3333333333333333,0.0,0.0,0.3333333333333333,0.0,0.0,0.0,0.0,0.0
GPKGPKGPKGPKGPKGPKGPK,0.0,0.0,0.0,0.0,0.0,0.0,0.0,0.3333333333333333,0.0,0.0,0.0,0.3333333333333333,0.0,0.0,0.3333333333333333,0.0,0.0,0.0,0.0,0.0
PKGPKGPKGPKGPKGPKGPKG,0.0,0.0,0.0,0.0,0.0,0.0,0.0,0.3333333333333333,0.0,0.0,0.0,0.3333333333333333,0.0,0.0,0.3333333333333333,0.0,0.0,0.0,0.0,0.0
KGPKGPKGPKGPKGPKGPKGP,0.0,0.0,0.0,0.0,0.0,0.0,0.0,0.3333333333333333,0.0,0.0,0.0,0.3333333333333333,0.0,0.0,0.3333333333333333,0.0,0.0,0.0,0.0,0.0
GPKGPKGPKGPKGPKGPKGPK,0.0,0.0,0.0,0.0,0.0,0.0,0.0,0.3333333333333333,0.0,0.0,0.0,0.3333333333333333,0.0,0.0,0.3333333333333333,0.0,0.0,0.0,0.0,0.0
PKGPKGPKGPKGPKGPKGPKG,0.0,0.0,0.0,0.0,0.0,0.0,0.0,0.3333333333333333,0.0,0.0,0.0,0.3333333333333333,0.0,0.0,0.3333333333333333,0.0,0.0,0.0,0.0,0.0
KGPKGPKGPKGPKGPKGPKGP,0.0,0.0,0.0,0.0,0.0,0.0,0.0,0.3333333333333333,0.0,0.0,0.0,0.3333333333333333,0.0,0.0,0.3333333333333333,0.0,0.0,0.0,0.0,0.0
GPKGPKGPKGPKGPKGPKGPK,0.0,0.0,0.0,0.0,0.0,0.0,0.0,0.3333333333333333,0.0,0.0,0.0,0.3333333333333333,0.0,0.0,0.3333333333333333,0.0,0.0,0.0,0.0,0.0
PKGPKGPKGPKGPKGPKGPKG,0.0,0.0,0.0,0.0,0.0,0.0,0.0,0.3333333333333333,0.0,0.0,0.0,0.3333333333333333,0.0,0.0,0.3333333333333333,0.0,0.0,0.0,0.0,0.0
KGPKGPKGPKGPKGPKGPKGP,0.0,0.0,0.0,0.0,0.0,0.0,0.0,0.3333333333333333,0.0,0.0,0.0,0.3333333333333333,0.0,0.0,0.3333333333333333,0.0,0.0,0.0,0.0,0.0
GPKGPKGPKGPKGPKGPKGPK,0.0,0.0,0.0,0.0,0.0,0.0,0.0,0.3333333333333333,0.0,0.0,0.0,0.3333333333333333,0.0,0.0,0.3333333333333333,0.0,0.0,0.0,0.0,0.0
PKGPKGPKGPKGPKGPKGPKG,0.0,0.0,0.0,0.0,0.0,0.0,0.0,0.3333333333333333,0.0,0.0,0.0,0.3333333333333333,0.0,0.0,0.3333333333333333,0.0,0.0,0.0,0.0,0.0
KGPKGPKGPKGPKGPKGPKGP,0.0,0.0,0.0,0.0,0.0,0.0,0.0,0.3333333333333333,0.0,0.0,0.0,0.3333333333333333,0.0,0.0,0.3333333333333333,0.0,0.0,0.0,0.0,0.0
GPKGPKGPKGPKGPKGPKGPK,0.0,0.0,0.0,0.0,0.0,0.0,0.0,0.3333333333333333,0.0,0.0,0.0,0.3333333333333333,0.0,0.0,0.3333333333333333,0.0,0.0,0.0,0.0,0.0
PKGPKGPKGPKGPKGPKGPKG,0.0,0.0,0.0,0.0,0.0,0.0,0.0,0.3333333333333333,0.0,0.0,0.0,0.3333333333333333,0.0,0.0,0.3333333333333333,0.0,0.0,0.0,0.0,0.0
KGPKGPKGPKGPKGPKGPKGP,0.0,0.0,0.0,0.0,0.0,0.0,0.0,0.3333333333333333,0.0,0.0,0.0,0.3333333333333333,0.0,0.0,0.3333333333333333,0.0,0.0,0.0,0.0,0.0
GPKGPKGPKGPKGPKGPKGPK,0.0,0.0,0.0,0.0,0.0,0.0,0.0,0.3333333333333333,0.0,0.0,0.0,0.3333333333333333,0.0,0.0,0.3333333333333333,0.0,0.0,0.0,0.0,0.0
PKGPKGPKGPKGPKGPKGPKG,0.0,0.0,0.0,0.0,0.0,0.0,0.0,0.3333333333333333,0.0,0.0,0.0,0.3333333333333333,0.0,0.0,0.3333333333333333,0.0,0.0,0.0,0.0,0.0
KGPKGPKGPKGPKGPKGPKGP,0.0,0.0,0.0,0.0,0.0,0.0,0.0,0.3333333333333333,0.0,0.0,0.0,0.3333333333333333,0.0,0.0,0.3333333333333333,0.0,0.0,0.0,0.0,0.0
GPKGPKGPKGPKGPKGPKGPK,0.0,0.0,0.0,0.0,0.0,0.0,0.0,0.3333333333333333,0.0,0.0,0.0,0.3333333333333333,0.0,0.0,0.3333333333333333,0.0,0.0,0.0,0.0,0.0
PKGPKGPKGPKGPKGPKGPKG,0.0,0.0,0.0,0.0,0.0,0.0,0.0,0.3333333333333333,0.0,0.0,0.0,0.3333333333333333,0.0,0.0,0.3333333333333333,0.0,0.0,0.0,0.0,0.0
KGPKGPKGPKGPKGPKGPKGP,0.0,0.0,0.0,0.0,0.0,0.0,0.0,0.3333333333333333,0.0,0.0,0.0,0.3333333333333333,0.0,0.0,0.3333333333333333,0.0,0.0,0.0,0.0,0.0
GPKGPKGPKGPKGPKGPKGPK,0.0,0.0,0.0,0.0,0.0,0.0,0.0,0.3333333333333333,0.0,0.0,0.0,0.3333333333333333,0.0,0.0,0.3333333333333333,0.0,0.0,0.0,0.0,0.0
PKGPKGPKGPKGPKGPKGPKG,0.0,0.0,0.0,0.0,0.0,0.0,0.0,0.3333333333333333,0.0,0.0,0.0,0.3333333333333333,0.0,0.0,0.3333333333333333,0.0,0.0,0.0,0.0,0.0
KGPKGPKGPKGPKGPKGPKGP,0.0,0.0,0.0,0.0,0.0,0.0,0.0,0.3333333333333333,0.0,0.0,0.0,0.3333333333333333,0.0,0.0,0.3333333333333333,0.0,0.0,0.0,0.0,0.0
GPKGPKGPKGPKGPKGPKGPK,0.0,0.0,0.0,0.0,0.0,0.0,0.0,0.3333333333333333,0.0,0.0,0.0,0.3333333333333333,0.0,0.0,0.3333333333333333,0.0,0.0,0.0,0.0,0.0
PKGPKGPKGPKGPKGPKGPKG,0.0,0.0,0.0,0.0,0.0,0.0,0.0,0.3333333333333333,0.0,0.0,0.0,0.3333333333333333,0.0,0.0,0.3333333333333333,0.0,0.0,0.0,0.0,0.0
KGPKGPKGPKGPKGPKGPKGP,0.0,0.0,0.0,0.0,0.0,0.0,0.0,0.3333333333333333,0.0,0.0,0.0,0.3333333333333333,0.0,0.0,0.3333333333333333,0.0,0.0,0.0,0.0,0.0
GPKGPKGPKGPKGPKGPKGPK,0.0,0.0,0.0,0.0,0.0,0.0,0.0,0.3333333333333333,0.0,0.0,0.0,0.3333333333333333,0.0,0.0,0.3333333333333333,0.0,0.0,0.0,0.0,0.0
PKGPKGPKGPKGPKGPKGPKG,0.0,0.0,0.0,0.0,0.0,0.0,0.0,0.3333333333333333,0.0,0.0,0.0,0.3333333333333333,0.0,0.0,0.3333333333333333,0.0,0.0,0.0,0.0,0.0
KGPKGPKGPKGPKGPKGPKGP,0.0,0.0,0.0,0.0,0.0,0.0,0.0,0.3333333333333333,0.0,0.0,0.0,0.3333333333333333,0.0,0.0,0.3333333333333333,0.0,0.0,0.0,0.0,0.0
GPKGPKGPKGPKGPKGPKGPK,0.0,0.0,0.0,0.0,0.0,0.0,0.0,0.3333333333333333,0.0,0.0,0.0,0.3333333333333333,0.0,0.0,0.3333333333333333,0.0,0.0,0.0,0.0,0.0
