,Sequence,Theoretical.pI,Aliphatic.Index,Positive.Residues,Negative.Residues,Aromatic.Count,Polar.Count,Nonpolar.Count,Molecular.Weight,Instability.Index,Aromaticity,Helix.Fraction,Strand.Fraction,Coil.Fraction,Charge.at.pH.7.0,Gravy,Amphipathicity,Molar.Extinction.Coefficient_Reduced,Molar.Extinction.Coefficient_Oxidized
0,MGTSSGSGETAEKLTDGTEA,4.0500284194946286,-0.77,1.0,4.0,0.0,7.0,20.0,1928.9791,12.255000000000003,0.0,0.4,0.4,0.25,-3.4910921665981807,-0.77,-14.63,0.0,0.0
1,GTSSGSGETAEKLTDGTEAQ,4.0500284194946286,-1.04,1.0,4.0,0.0,8.0,20.0,1925.9123,12.255000000000003,0.0,0.35,0.4,0.25,-3.2313452399502225,-1.04,-19.76,0.0,0.0
2,TSSGSGETAEKLTDGTEAQV,4.0500284194946286,-0.8099999999999999,1.0,4.0,0.0,8.0,20.0,1967.9920000000002,12.730000000000004,0.0,0.35,0.35,0.30000000000000004,-3.5932502597728972,-0.8099999999999999,-15.389999999999999,0.0,0.0
3,SSGSGETAEKLTDGTEAQVS,4.0500284194946286,-0.8150000000000001,1.0,4.0,0.0,8.0,20.0,1953.9654,12.730000000000004,0.0,0.35,0.4,0.25,-3.531300394921926,-0.8150000000000001,-15.485000000000001,0.0,0.0
4,SGSGETAEKLTDGTEAQVSI,4.0500284194946286,-0.55,1.0,4.0,0.0,7.0,20.0,1980.0457000000001,3.100000000000001,0.0,0.35,0.35,0.3,-3.531300394921926,-0.55,-10.45,0.0,0.0
5,GSGETAEKLTDGTEAQVSIG,4.0500284194946286,-0.53,1.0,4.0,0.0,6.0,20.0,1950.0196999999998,3.1,0.0,0.35,0.35000000000000003,0.3,-3.2313452399502225,-0.53,-10.07,0.0,0.0
6,SGETAEKLTDGTEAQVSIGR,4.406408882141113,-0.735,2.0,4.0,0.0,6.0,20.0,2049.1541,3.1,0.0,0.35,0.3,0.3,-2.531310394821927,-0.735,-13.965,0.0,0.0
7,GETAEKLTDGTEAQVSIGRS,4.407318305969238,-0.735,2.0,4.0,0.0,6.0,20.0,2049.1541,25.07,0.0,0.35,0.3,0.3,-2.2313552398502234,-0.735,-13.965,0.0,0.0
8,ETAEKLTDGTEAQVSIGRSL,4.407431983947753,-0.525,2.0,4.0,0.0,6.0,20.0,2105.2604,28.84,0.0,0.4,0.25,0.35,-2.1574396973147434,-0.525,-9.975,0.0,0.0
9,TAEKLTDGTEAQVSIGRSLE,4.616258430480956,-0.525,2.0,4.0,0.0,6.0,20.0,2105.2604,28.84,0.0,0.4,0.25,0.35,-2.588022979905409,-0.525,-9.975,0.0,0.0
10,AEKLTDGTEAQVSIGRSLES,4.407375144958496,-0.53,2.0,4.0,0.0,6.0,20.0,2091.2338,38.47,0.0,0.4,0.3,0.30000000000000004,-2.1955822661854394,-0.53,-10.07,0.0,0.0
11,EKLTDGTEAQVSIGRSLEST,4.407431983947753,-0.655,2.0,4.0,0.0,7.0,20.0,2121.2598,38.47,0.0,0.35,0.3,0.35,-2.1574396973147434,-0.655,-12.445,0.0,0.0
12,KLTDGTEAQVSIGRSLESTS,4.679122352600097,-0.52,2.0,3.0,0.0,8.0,20.0,2079.2231,38.47,0.0,0.30000000000000004,0.35000000000000003,0.35,-1.234165701823434,-0.52,-9.88,0.0,0.0
13,LTDGTEAQVSIGRSLESTSE,4.244417762756348,-0.5,1.0,4.0,0.0,8.0,20.0,2080.1648,52.345000000000006,0.0,0.3,0.35000000000000003,0.35,-3.2251189590837335,-0.5,-9.5,0.0,0.0
14,TDGTEAQVSIGRSLESTSEL,4.0500284194946286,-0.5,1.0,4.0,0.0,8.0,20.0,2080.1648,52.345000000000006,0.0,0.3,0.35000000000000003,0.35,-3.592261258673897,-0.5,-9.5,0.0,0.0
15,DGTEAQVSIGRSLESTSELQ,4.0500284194946286,-0.64,1.0,4.0,0.0,8.0,20.0,2107.1901,68.64500000000001,0.0,0.3,0.35000000000000003,0.30000000000000004,-3.230356238851223,-0.64,-12.16,0.0,0.0
16,GTEAQVSIGRSLESTSELQP,4.25265941619873,-0.545,1.0,3.0,0.0,8.0,20.0,2089.2179,78.275,0.0,0.3,0.35000000000000003,0.30000000000000004,-2.2314769997910675,-0.545,-10.355,0.0,0.0
17,TEAQVSIGRSLESTSELQPK,4.781603050231933,-0.72,2.0,3.0,0.0,8.0,20.0,2160.3389,82.52,0.0,0.35,0.30000000000000004,0.30000000000000004,-1.594381020612743,-0.72,-13.68,0.0,0.0
18,EAQVSIGRSLESTSELQPKT,4.786434364318848,-0.72,2.0,3.0,0.0,8.0,20.0,2160.3389,72.89,0.0,0.35,0.30000000000000004,0.30000000000000004,-1.158560458254588,-0.72,-13.68,0.0,0.0
19,AQVSIGRSLESTSELQPKTF,6.187572288513183,-0.40499999999999997,2.0,2.0,1.0,8.0,20.0,2178.3987,79.06,0.05,0.30000000000000004,0.30000000000000004,0.35000000000000003,-0.19951348909849465,-0.40499999999999997,-7.694999999999999,0.0,0.0
20,QVSIGRSLESTSELQPKTFE,5.0095842361450185,-0.67,2.0,3.0,1.0,8.0,20.0,2236.4348,79.06,0.05,0.3,0.30000000000000004,0.35000000000000003,-1.2272387210225784,-0.67,-12.73,0.0,0.0
21,VSIGRSLESTSELQPKTFEH,5.49646701812744,-0.655,3.0,3.0,1.0,7.0,20.0,2245.4449,79.06,0.05,0.3,0.30000000000000004,0.35000000000000003,-1.1714150367696314,-0.655,-12.445000000000002,0.0,0.0
22,SIGRSLESTSELQPKTFEHQ,5.473560905456543,-1.04,3.0,3.0,1.0,8.0,20.0,2274.4431,79.06,0.05,0.3,0.30000000000000004,0.30000000000000004,-1.4452569675071847,-1.04,-19.76,0.0,0.0
23,IGRSLESTSELQPKTFEHQE,5.062842369079589,-1.175,3.0,4.0,1.0,7.0,20.0,2316.4798,88.69,0.05,0.35000000000000003,0.25,0.30000000000000004,-2.1372540707947807,-1.175,-22.325,0.0,0.0
24,GRSLESTSELQPKTFEHQET,4.905398368835448,-1.435,3.0,4.0,1.0,8.0,20.0,2304.4261,88.69,0.05,0.35000000000000003,0.25,0.3,-2.142491350562271,-1.435,-27.265,0.0,0.0
25,RSLESTSELQPKTFEHQETR,5.569789314270018,-1.64,4.0,4.0,1.0,8.0,20.0,2403.5605,88.69,0.05,0.35000000000000003,0.2,0.3,-1.1425013504622719,-1.64,-31.159999999999997,0.0,0.0
26,SLESTSELQPKTFEHQETRL,4.902101707458496,-1.225,3.0,4.0,1.0,8.0,20.0,2360.5324,66.72,0.05,0.4,0.2,0.35,-2.4424465055339746,-1.225,-23.275,0.0,0.0
27,LESTSELQPKTFEHQETRLN,4.905398368835448,-1.3599999999999999,3.0,4.0,1.0,8.0,20.0,2387.5577,66.72,0.05,0.4,0.2,0.35,-2.142491350562271,-1.3599999999999999,-25.84,0.0,0.0
28,ESTSELQPKTFEHQETRLNG,4.905853080749511,-1.57,3.0,4.0,1.0,8.0,20.0,2331.4514,59.205,0.05,0.35000000000000003,0.25,0.3,-2.068575808026791,-1.57,-29.830000000000002,0.0,0.0
29,STSELQPKTFEHQETRLNGG,5.473560905456543,-1.415,3.0,3.0,1.0,8.0,20.0,2259.3887,55.745000000000005,0.05,0.3,0.30000000000000004,0.3,-1.4452569675071847,-1.415,-26.885,0.0,0.0
30,TSELQPKTFEHQETRLNGGH,5.957147026062012,-1.535,4.0,3.0,1.0,7.0,20.0,2309.4507,55.745000000000005,0.05,0.3,0.25,0.3,-1.420032644103569,-1.535,-29.165,0.0,0.0
31,SELQPKTFEHQETRLNGGHN,5.97277774810791,-1.675,4.0,3.0,1.0,7.0,20.0,2322.4494,67.58500000000001,0.05,0.3,0.30000000000000004,0.25,-1.358082779252598,-1.675,-31.825,0.0,0.0
32,ELQPKTFEHQETRLNGGHNG,6.031208229064941,-1.655,4.0,3.0,1.0,6.0,20.0,2292.4234,50.44,0.05,0.3,0.3,0.25,-0.9842120817454143,-1.655,-31.445,0.0,0.0
33,LQPKTFEHQETRLNGGHNGL,6.924944496154786,-1.29,4.0,2.0,1.0,6.0,20.0,2276.467,50.44,0.05,0.3,0.3,0.3,-0.060938086254104906,-1.29,-24.51,0.0,0.0
34,QPKTFEHQETRLNGGHNGLG,6.924944496154786,-1.5,4.0,2.0,1.0,6.0,20.0,2220.3606999999997,34.14,0.05,0.25,0.35000000000000003,0.25,-0.060938086254104906,-1.5,-28.5,0.0,0.0
35,PKTFEHQETRLNGGHNGLGA,7.332139015197755,-1.2349999999999999,4.0,2.0,1.0,5.0,20.0,2163.3094,20.265,0.05,0.30000000000000004,0.35000000000000003,0.25,0.13748916713494763,-1.2349999999999999,-23.465,0.0,0.0
36,KTFEHQETRLNGGHNGLGAG,6.924944496154786,-1.175,4.0,2.0,1.0,5.0,20.0,2123.2455,20.265,0.05,0.30000000000000004,0.35,0.25,-0.060938086254104906,-1.175,-22.325,0.0,0.0
37,TFEHQETRLNGGHNGLGAGG,5.937594413757325,-1.0,3.0,2.0,1.0,5.0,20.0,2052.1245,26.435000000000002,0.05,0.25,0.4,0.25,-1.4218441050777788,-1.0,-19.0,0.0,0.0
38,FEHQETRLNGGHNGLGAGGQ,6.003470802307128,-1.1400000000000001,3.0,2.0,1.0,5.0,20.0,2079.1497999999997,20.265,0.05,0.25,0.4,0.2,-1.0599390852551043,-1.1400000000000001,-21.66,0.0,0.0
39,EHQETRLNGGHNGLGAGGQP,6.011939811706542,-1.3599999999999999,3.0,2.0,0.0,5.0,20.0,2029.0911999999998,29.895000000000003,0.0,0.25,0.45,0.15000000000000002,-0.9860235427196238,-1.3599999999999999,-25.84,0.0,0.0
40,HQETRLNGGHNGLGAGGQPG,6.921875190734863,-1.205,3.0,1.0,0.0,5.0,20.0,1957.0285,33.665,0.0,0.2,0.5,0.15000000000000002,-0.06274954722831438,-1.205,-22.895000000000003,0.0,0.0
41,QETRLNGGHNGLGAGGQPGS,6.749653053283692,-1.085,2.0,1.0,0.0,6.0,20.0,1906.9665,33.665,0.0,0.2,0.55,0.15000000000000002,-0.14992373548290128,-1.085,-20.615,0.0,0.0
42,ETRLNGGHNGLGAGGQPGSN,6.849121284484863,-1.085,2.0,1.0,0.0,6.0,20.0,1892.9398999999999,24.035000000000004,0.0,0.2,0.6,0.15000000000000002,-0.076008192947421,-1.085,-20.615,0.0,0.0
43,"TRLNGGHNGLGAGGQPGSN",,,,,,,,,,,,,,,,,,
44,"RLNGGHNGLGAGGQPGSN
",,,,,,,,,,,,,,,,,,
45,"LNGGHNGLGAGGQPGSN
G",,,,,,,,,,,,,,,,,,
46,"NGGHNGLGAGGQPGSN
GA",,,,,,,,,,,,,,,,,,
47,"GGHNGLGAGGQPGSN
GAA",,,,,,,,,,,,,,,,,,
48,"GHNGLGAGGQPGSN
GAAL",,,,,,,,,,,,,,,,,,
49,"HNGLGAGGQPGSN
GAALP",,,,,,,,,,,,,,,,,,
50,"NGLGAGGQPGSN
GAALPG",,,,,,,,,,,,,,,,,,
51,"GLGAGGQPGSN
GAALPGL",,,,,,,,,,,,,,,,,,
52,"LGAGGQPGSN
GAALPGLS",,,,,,,,,,,,,,,,,,
53,"GAGGQPGSN
GAALPGLSD",,,,,,,,,,,,,,,,,,
54,"AGGQPGSN
GAALPGLSDT",,,,,,,,,,,,,,,,,,
55,"GGQPGSN
GAALPGLSDTG",,,,,,,,,,,,,,,,,,
56,"GQPGSN
GAALPGLSDTGG",,,,,,,,,,,,,,,,,,
57,"QPGSN
GAALPGLSDTGGM",,,,,,,,,,,,,,,,,,
58,"PGSN
GAALPGLSDTGGMP",,,,,,,,,,,,,,,,,,
59,"GSN
GAALPGLSDTGGMPG",,,,,,,,,,,,,,,,,,
60,"SN
GAALPGLSDTGGMPGQ",,,,,,,,,,,,,,,,,,
61,"N
GAALPGLSDTGGMPGQF",,,,,,,,,,,,,,,,,,
62,"
GAALPGLSDTGGMPGQFG",,,,,,,,,,,,,,,,,,
63,"
GAALPGLSDTGGMPGQFGV",,,,,,,,,,,,,,,,,,
64,GAALPGLSDTGGMPGQFGVG,4.0500284194946286,0.27999999999999997,0.0,1.0,1.0,3.0,20.0,1788.9744,23.25,0.05,0.25,0.55,0.25,-1.2387776248708526,0.27999999999999997,5.319999999999999,0.0,0.0
65,AALPGLSDTGGMPGQFGVGQ,4.0500284194946286,0.12499999999999996,0.0,1.0,1.0,4.0,20.0,1860.0522999999998,27.494999999999997,0.05,0.25,0.5,0.25,-1.2030046512060686,0.12499999999999996,2.374999999999999,0.0,0.0
66,ALPGLSDTGGMPGQFGVGQL,4.0500284194946286,0.22499999999999995,0.0,1.0,1.0,4.0,20.0,1902.132,27.494999999999997,0.05,0.25,0.5,0.3,-1.2030046512060686,0.22499999999999995,4.2749999999999995,0.0,0.0
67,LPGLSDTGGMPGQFGVGQLQ,4.0500284194946286,-0.04000000000000005,0.0,1.0,1.0,5.0,20.0,1959.1833000000001,43.795,0.05,0.2,0.5,0.3,-1.2387776248708526,-0.04000000000000005,-0.7600000000000009,0.0,0.0
68,PGLSDTGGMPGQFGVGQLQE,4.085382270812987,-0.4050000000000001,0.0,2.0,1.0,5.0,20.0,1975.1396999999997,43.795,0.05,0.2,0.5,0.25,-2.0323026297411,-0.4050000000000001,-7.695000000000001,0.0,0.0
69,GLSDTGGMPGQFGVGQLQEQ,4.0500284194946286,-0.5,0.0,2.0,1.0,6.0,20.0,2006.1536999999998,53.425000000000004,0.05,0.2,0.45,0.25,-2.2359671628976425,-0.5,-9.5,0.0,0.0
70,LSDTGGMPGQFGVGQLQEQL,4.0500284194946286,-0.29000000000000004,0.0,2.0,1.0,6.0,20.0,2062.2599999999998,53.425000000000004,0.05,0.25,0.4,0.3,-2.2359671628976425,-0.29000000000000004,-5.510000000000001,0.0,0.0
71,SDTGGMPGQFGVGQLQEQLG,4.0500284194946286,-0.5,0.0,2.0,1.0,6.0,20.0,2006.1536999999998,53.425000000000004,0.05,0.2,0.45,0.25,-2.535922317869346,-0.5,-9.5,0.0,0.0
72,DTGGMPGQFGVGQLQEQLGV,4.0500284194946286,-0.25,0.0,2.0,1.0,5.0,20.0,2018.2073999999998,53.425000000000004,0.05,0.2,0.4,0.30000000000000004,-2.2359671628976425,-0.25,-4.75,0.0,0.0
73,TGGMPGQFGVGQLQEQLGVS,4.0500284194946286,-0.11500000000000003,0.0,1.0,1.0,6.0,20.0,1990.1972999999998,60.940000000000005,0.05,0.2,0.4,0.30000000000000004,-1.5989929436601618,-0.11500000000000003,-2.1850000000000005,0.0,0.0
74,GGMPGQFGVGQLQEQLGVSG,4.0500284194946286,-0.10000000000000002,0.0,1.0,1.0,5.0,20.0,1946.1446999999998,65.185,0.05,0.2,0.44999999999999996,0.25,-1.2370879238374872,-0.10000000000000002,-1.9000000000000004,0.0,0.0
75,GMPGQFGVGQLQEQLGVSGK,6.0014245986938475,-0.275,1.0,1.0,1.0,5.0,20.0,2017.2657,54.77,0.05,0.25,0.4,0.25,-0.23808692483648786,-0.275,-5.225,0.0,0.0
76,MPGQFGVGQLQEQLGVSGKG,5.752981376647949,-0.275,1.0,1.0,1.0,5.0,20.0,2017.2657,50.525000000000006,0.05,0.25,0.4,0.25,-0.4978338514844458,-0.275,-5.225,0.0,0.0
77,PGQFGVGQLQEQLGVSGKGK,9.0063138961792,-0.5650000000000001,2.0,1.0,1.0,5.0,20.0,2014.2419999999997,24.31,0.05,0.25,0.4,0.25,0.9593413275535636,-0.5650000000000001,-10.735000000000001,0.0,0.0
78,GQFGVGQLQEQLGVSGKGKE,6.282379722595215,-0.6599999999999999,2.0,2.0,1.0,5.0,20.0,2046.2408,24.31,0.05,0.30000000000000004,0.35,0.25,-0.2310381840947886,-0.6599999999999999,-12.54,0.0,0.0
79,QFGVGQLQEQLGVSGKGKED,4.872204399108886,-0.8150000000000001,2.0,3.0,1.0,5.0,20.0,2104.2769,33.94,0.05,0.30000000000000004,0.35,0.25,-1.2319738013151307,-0.8150000000000001,-15.485000000000001,0.0,0.0
80,FGVGQLQEQLGVSGKGKEDT,4.679122352600097,-0.675,2.0,3.0,1.0,5.0,20.0,2077.2516,30.195000000000007,0.05,0.30000000000000004,0.35,0.30000000000000004,-1.2351547029224341,-0.675,-12.825,0.0,0.0
81,GVGQLQEQLGVSGKGKEDTL,4.679122352600097,-0.625,2.0,3.0,0.0,5.0,20.0,2043.2354,30.195000000000007,0.0,0.35,0.35,0.3,-1.2351547029224341,-0.625,-11.875,0.0,0.0
82,VGQLQEQLGVSGKGKEDTLP,4.679008674621582,-0.6849999999999999,2.0,3.0,0.0,5.0,20.0,2083.2993,39.82500000000001,0.0,0.35,0.35000000000000003,0.3,-1.261267927156584,-0.6849999999999999,-13.014999999999999,0.0,0.0
83,GQLQEQLGVSGKGKEDTLPH,5.4454256057739245,-1.0550000000000002,3.0,3.0,0.0,5.0,20.0,2121.3076,44.07000000000001,0.0,0.35,0.35000000000000003,0.25,-1.147980514667847,-1.0550000000000002,-20.045,0.0,0.0
84,QLQEQLGVSGKGKEDTLPHS,5.4454256057739245,-1.075,3.0,3.0,0.0,6.0,20.0,2151.3336,44.07000000000001,0.0,0.35,0.35,0.25,-1.147980514667847,-1.075,-20.425,0.0,0.0
85,LQEQLGVSGKGKEDTLPHSS,5.4454256057739245,-0.9400000000000001,3.0,3.0,0.0,6.0,20.0,2110.2817,53.70000000000001,0.0,0.35,0.4,0.25,-1.147980514667847,-0.9400000000000001,-17.86,0.0,0.0
86,QEQLGVSGKGKEDTLPHSSL,5.4454256057739245,-0.9400000000000001,3.0,3.0,0.0,6.0,20.0,2110.2817,37.400000000000006,0.0,0.35,0.4,0.25,-1.147980514667847,-0.9400000000000001,-17.86,0.0,0.0
87,EQLGVSGKGKEDTLPHSSLS,5.44894962310791,-0.805,3.0,3.0,0.0,6.0,20.0,2069.2298,27.770000000000003,0.0,0.35,0.45,0.25,-1.0740649721323665,-0.805,-15.295000000000002,0.0,0.0
88,QLGVSGKGKEDTLPHSSLSS,6.751130867004395,-0.67,3.0,2.0,0.0,7.0,20.0,2027.1931,27.770000000000003,0.0,0.3,0.5,0.25,-0.15079097664105712,-0.67,-12.73,0.0,0.0
89,LGVSGKGKEDTLPHSSLSSP,6.751130867004395,-0.575,3.0,2.0,0.0,6.0,20.0,1996.1790999999998,49.74,0.0,0.3,0.55,0.25,-0.15079097664105712,-0.575,-10.925,0.0,0.0
90,GVSGKGKEDTLPHSSLSSPS,6.751130867004395,-0.805,3.0,2.0,0.0,7.0,20.0,1970.0988000000002,59.370000000000005,0.0,0.25,0.6,0.2,-0.15079097664105712,-0.805,-15.295000000000002,0.0,0.0
91,VSGKGKEDTLPHSSLSSPSR,8.568960380554202,-1.01,4.0,2.0,0.0,7.0,20.0,2069.2332,69.0,0.0,0.25,0.55,0.2,0.823085799224792,-1.01,-19.189999999999998,0.0,0.0
92,SGKGKEDTLPHSSLSSPSRP,8.334488868713382,-1.3,4.0,2.0,0.0,7.0,20.0,2067.2174,78.63,0.0,0.25,0.6,0.15000000000000002,0.5492438684872383,-1.3,-24.7,0.0,0.0
93,GKGKEDTLPHSSLSSPSRPG,8.59732646942139,-1.28,4.0,2.0,0.0,6.0,20.0,2037.1914000000002,78.63,0.0,0.25,0.6,0.15000000000000002,0.8491990234589419,-1.28,-24.32,0.0,0.0
94,KGKEDTLPHSSLSSPSRPGP,8.59732646942139,-1.34,4.0,2.0,0.0,6.0,20.0,2077.2553,82.875,0.0,0.25,0.6,0.15000000000000002,0.8491990234589419,-1.34,-25.46,0.0,0.0
95,GKEDTLPHSSLSSPSRPGPA,6.75204029083252,-1.0550000000000002,3.0,2.0,0.0,6.0,20.0,2020.1608999999999,96.74999999999999,0.0,0.25,0.6,0.15000000000000002,-0.149801975542057,-1.0550000000000002,-20.045,0.0,0.0
96,KEDTLPHSSLSSPSRPGPAQ,6.75204029083252,-1.21,3.0,2.0,0.0,7.0,20.0,2091.2388,100.99499999999999,0.0,0.25,0.55,0.15000000000000002,-0.149801975542057,-1.21,-22.99,0.0,0.0
97,EDTLPHSSLSSPSRPGPAQV,5.3239038467407225,-0.805,2.0,2.0,0.0,7.0,20.0,2062.1974999999998,97.225,0.0,0.2,0.55,0.2,-1.0748874320075763,-0.805,-15.295000000000002,0.0,0.0
98,DTLPHSSLSSPSRPGPAQVS,6.744537544250489,-0.67,2.0,1.0,0.0,8.0,20.0,2020.1608,87.595,0.0,0.15000000000000002,0.6,0.2,-0.1516134365162669,-0.67,-12.73,0.0,0.0
99,TLPHSSLSSPSRPGPAQVSP,9.4395414352417,-0.5750000000000001,2.0,0.0,0.0,8.0,20.0,2002.1886,117.07999999999998,0.0,0.15000000000000002,0.6,0.2,0.48536078272121397,-0.5750000000000001,-10.925000000000002,0.0,0.0
100,LPHSSLSSPSRPGPAQVSPS,9.756532478332517,-0.5800000000000001,2.0,0.0,0.0,8.0,20.0,1988.1619999999998,126.70999999999998,0.0,0.15000000000000002,0.65,0.15000000000000002,0.8472658025438885,-0.5800000000000001,-11.020000000000001,0.0,0.0
101,PHSSLSSPSRPGPAQVSPSP,10.180927848815916,-0.85,2.0,0.0,0.0,8.0,20.0,1972.1196,139.05,0.0,0.1,0.7,0.1,1.0456930559329414,-0.85,-16.15,0.0,0.0
102,HSSLSSPSRPGPAQVSPSPK,11.000836753845213,-0.9650000000000001,3.0,0.0,0.0,8.0,20.0,2003.1767,139.05,0.0,0.15000000000000002,0.65,0.1,1.8462668015448882,-0.9650000000000001,-18.335,0.0,0.0
103,SSLSSPSRPGPAQVSPSPKT,11.000192070007323,-0.8400000000000001,2.0,0.0,0.0,9.0,20.0,1967.1412999999998,139.05,0.0,0.15000000000000002,0.65,0.15000000000000002,1.4591374583185974,-0.8400000000000001,-15.96,0.0,0.0
104,SLSSPSRPGPAQVSPSPKTS,11.000192070007323,-0.8400000000000001,2.0,0.0,0.0,9.0,20.0,1967.1412999999998,129.42000000000002,0.0,0.15000000000000002,0.65,0.15000000000000002,1.4591374583185974,-0.8400000000000001,-15.96,0.0,0.0
105,LSSPSRPGPAQVSPSPKTSS,11.000836753845213,-0.8400000000000001,2.0,0.0,0.0,9.0,20.0,1967.1412999999998,139.05,0.0,0.15000000000000002,0.65,0.15000000000000002,1.759092613290301,-0.8400000000000001,-15.96,0.0,0.0
106,SSPSRPGPAQVSPSPKTSSG,11.000192070007323,-1.05,2.0,0.0,0.0,9.0,20.0,1911.0349999999999,139.05,0.0,0.1,0.7,0.1,1.4591374583185974,-1.05,-19.95,0.0,0.0
107,"SPSRPGPAQVSPSPKTSSG",,,,,,,,,,,,,,,,,,
108,"PSRPGPAQVSPSPKTSSG
",,,,,,,,,,,,,,,,,,
109,"SRPGPAQVSPSPKTSSG
Q",,,,,,,,,,,,,,,,,,
110,"RPGPAQVSPSPKTSSG
QA",,,,,,,,,,,,,,,,,,
111,"PGPAQVSPSPKTSSG
QAK",,,,,,,,,,,,,,,,,,
112,"GPAQVSPSPKTSSG
QAKS",,,,,,,,,,,,,,,,,,
113,"PAQVSPSPKTSSG
QAKSG",,,,,,,,,,,,,,,,,,
114,"AQVSPSPKTSSG
QAKSGT",,,,,,,,,,,,,,,,,,
115,"QVSPSPKTSSG
QAKSGTG",,,,,,,,,,,,,,,,,,
116,"VSPSPKTSSG
QAKSGTGP",,,,,,,,,,,,,,,,,,
117,"SPSPKTSSG
QAKSGTGPR",,,,,,,,,,,,,,,,,,
118,"PSPKTSSG
QAKSGTGPRA",,,,,,,,,,,,,,,,,,
119,"SPKTSSG
QAKSGTGPRAQ",,,,,,,,,,,,,,,,,,
120,"PKTSSG
QAKSGTGPRAQP",,,,,,,,,,,,,,,,,,
121,"KTSSG
QAKSGTGPRAQPK",,,,,,,,,,,,,,,,,,
122,"TSSG
QAKSGTGPRAQPKT",,,,,,,,,,,,,,,,,,
123,"SSG
QAKSGTGPRAQPKTS",,,,,,,,,,,,,,,,,,
124,"SG
QAKSGTGPRAQPKTSG",,,,,,,,,,,,,,,,,,
125,"G
QAKSGTGPRAQPKTSGP",,,,,,,,,,,,,,,,,,
126,"
QAKSGTGPRAQPKTSGPV",,,,,,,,,,,,,,,,,,
127,"
QAKSGTGPRAQPKTSGPVA",,,,,,,,,,,,,,,,,,
128,QAKSGTGPRAQPKTSGPVAS,11.16626262664795,-0.975,3.0,0.0,0.0,7.0,20.0,1925.1079,16.5,0.0,0.25,0.44999999999999996,0.15000000000000002,2.7580936122913,-0.975,-18.525,0.0,0.0
129,AKSGTGPRAQPKTSGPVASK,11.263932228088382,-0.9949999999999999,4.0,0.0,0.0,6.0,20.0,1925.1509999999998,16.5,0.0,0.3,0.44999999999999996,0.15000000000000002,3.7928675849570834,-0.9949999999999999,-18.904999999999998,0.0,0.0
130,KSGTGPRAQPKTSGPVASKT,11.263867759704592,-1.1199999999999999,4.0,0.0,0.0,7.0,20.0,1955.1770000000001,16.5,0.0,0.25,0.44999999999999996,0.2,3.7570946112922994,-1.1199999999999999,-21.279999999999998,0.0,0.0
131,SGTGPRAQPKTSGPVASKTG,11.16600475311279,-0.945,3.0,0.0,0.0,7.0,20.0,1884.056,12.254999999999999,0.0,0.2,0.5,0.2,2.4581384573195963,-0.945,-17.955,0.0,0.0
132,GTGPRAQPKTSGPVASKTGA,11.16626262664795,-0.8150000000000001,3.0,0.0,0.0,6.0,20.0,1868.0566,8.010000000000002,0.0,0.25,0.45,0.2,2.7580936122913,-0.8150000000000001,-15.485000000000001,0.0,0.0
133,TGPRAQPKTSGPVASKTGAA,11.165940284729004,-0.705,3.0,0.0,0.0,6.0,20.0,1882.0832,12.254999999999999,0.0,0.30000000000000004,0.4,0.2,2.3961885924686257,-0.705,-13.395,0.0,0.0
134,GPRAQPKTSGPVASKTGAAP,11.16626262664795,-0.75,3.0,0.0,0.0,5.0,20.0,1878.0945000000002,26.130000000000003,0.0,0.30000000000000004,0.45,0.15000000000000002,2.7580936122913,-0.75,-14.25,0.0,0.0
135,PRAQPKTSGPVASKTGAAPA,11.168776893615721,-0.64,3.0,0.0,0.0,5.0,20.0,1892.1210999999998,35.760000000000005,0.0,0.35,0.4,0.15000000000000002,2.9565208656803525,-0.64,-12.16,0.0,0.0
136,RAQPKTSGPVASKTGAAPAG,11.16626262664795,-0.58,3.0,0.0,0.0,5.0,20.0,1852.0571999999997,39.53,0.0,0.35,0.4,0.15000000000000002,2.7580936122913,-0.58,-11.02,0.0,0.0
137,AQPKTSGPVASKTGAAPAGP,10.003317451477052,-0.43499999999999994,2.0,0.0,0.0,5.0,20.0,1792.9867,39.53,0.0,0.35,0.45,0.15000000000000002,1.7938765858560854,-0.43499999999999994,-8.264999999999999,0.0,0.0
138,QPKTSGPVASKTGAAPAGPG,10.002737236022949,-0.545,2.0,0.0,0.0,5.0,20.0,1778.9600999999998,39.53,0.0,0.30000000000000004,0.5,0.15000000000000002,1.758103612191301,-0.545,-10.355,0.0,0.0
139,PKTSGPVASKTGAAPAGPGT,10.01866092681885,-0.40499999999999997,2.0,0.0,0.0,5.0,20.0,1751.9348,25.655000000000005,0.0,0.30000000000000004,0.5,0.2,1.9565308655803535,-0.40499999999999997,-7.694999999999999,0.0,0.0
140,KTSGPVASKTGAAPAGPGTS,10.002737236022949,-0.365,2.0,0.0,0.0,6.0,20.0,1741.8969000000002,25.655000000000005,0.0,0.30000000000000004,0.5,0.2,1.758103612191301,-0.365,-6.935,0.0,0.0
141,TSGPVASKTGAAPAGPGTSK,10.000545310974118,-0.365,2.0,0.0,0.0,6.0,20.0,1741.8969000000002,25.655000000000005,0.0,0.30000000000000004,0.5,0.2,1.3961985923686266,-0.365,-6.935,0.0,0.0
142,SGPVASKTGAAPAGPGTSKP,10.000738716125486,-0.41,2.0,0.0,0.0,5.0,20.0,1737.9081999999999,21.885000000000005,0.0,0.30000000000000004,0.55,0.15000000000000002,1.4581484572195973,-0.41,-7.789999999999999,0.0,0.0
143,GPVASKTGAAPAGPGTSKPA,10.002737236022949,-0.27999999999999997,2.0,0.0,0.0,4.0,20.0,1721.9088000000002,31.515000000000008,0.0,0.35,0.5,0.15000000000000002,1.758103612191301,-0.27999999999999997,-5.319999999999999,0.0,0.0
144,PVASKTGAAPAGPGTSKPAK,10.308317375183101,-0.45499999999999996,3.0,0.0,0.0,4.0,20.0,1793.0297999999998,31.515000000000008,0.0,0.4,0.45,0.15000000000000002,2.955531864581353,-0.45499999999999996,-8.645,0.0,0.0
145,VASKTGAAPAGPGTSKPAKT,10.301935005187985,-0.41,3.0,0.0,0.0,5.0,20.0,1797.0185000000001,21.885000000000005,0.0,0.4,0.4,0.2,2.73099138695815,-0.41,-7.789999999999999,0.0,0.0
146,ASKTGAAPAGPGTSKPAKTP,10.302321815490721,-0.7,3.0,0.0,0.0,5.0,20.0,1795.0027,21.885000000000005,0.0,0.4,0.45,0.15,2.792877584857085,-0.7,-13.3,0.0,0.0
147,SKTGAAPAGPGTSKPAKTPG,10.301290321350095,-0.8099999999999999,3.0,0.0,0.0,5.0,20.0,1780.9760999999999,21.885000000000005,0.0,0.35,0.5,0.15,2.4571494562205967,-0.8099999999999999,-15.389999999999999,0.0,0.0
148,KTGAAPAGPGTSKPAKTPGP,10.302063941955566,-0.85,3.0,0.0,0.0,4.0,20.0,1791.0140000000001,21.885000000000005,0.0,0.35,0.5,0.15,2.7571046111923003,-0.85,-16.15,0.0,0.0
149,TGAAPAGPGTSKPAKTPGPG,10.000545310974118,-0.675,2.0,0.0,0.0,4.0,20.0,1719.893,21.885000000000005,0.0,0.30000000000000004,0.55,0.15,1.3961985923686266,-0.675,-12.825,0.0,0.0
150,GAAPAGPGTSKPAKTPGPGS,10.002737236022949,-0.6799999999999999,2.0,0.0,0.0,4.0,20.0,1705.8663999999999,26.130000000000003,0.0,0.30000000000000004,0.6,0.1,1.758103612191301,-0.6799999999999999,-12.92,0.0,0.0
151,AAPAGPGTSKPAKTPGPGSG,10.003317451477052,-0.6799999999999999,2.0,0.0,0.0,4.0,20.0,1705.8663999999999,30.375,0.0,0.30000000000000004,0.6,0.1,1.7938765858560854,-0.6799999999999999,-12.92,0.0,0.0
152,APAGPGTSKPAKTPGPGSGQ,10.003317451477052,-0.945,2.0,0.0,0.0,5.0,20.0,1762.9177,30.375,0.0,0.25,0.6,0.1,1.7938765858560854,-0.945,-17.955,0.0,0.0
153,PAGPGTSKPAKTPGPGSGQT,10.01866092681885,-1.0699999999999998,2.0,0.0,0.0,6.0,20.0,1792.9436999999998,20.745000000000005,0.0,0.2,0.6,0.15,1.9565308655803535,-1.0699999999999998,-20.33,0.0,0.0
154,AGPGTSKPAKTPGPGSGQTK,10.302321815490721,-1.185,3.0,0.0,0.0,6.0,20.0,1824.0007999999998,11.115,0.0,0.25,0.55,0.15,2.792877584857085,-1.185,-22.515,0.0,0.0
155,GPGTSKPAKTPGPGSGQTKA,10.302063941955566,-1.185,3.0,0.0,0.0,6.0,20.0,1824.0007999999998,11.115,0.0,0.25,0.55,0.15,2.7571046111923003,-1.185,-22.515,0.0,0.0
156,PGTSKPAKTPGPGSGQTKAP,10.308317375183101,-1.2449999999999999,3.0,0.0,0.0,6.0,20.0,1864.0647,20.745,0.0,0.25,0.55,0.15,2.955531864581353,-1.2449999999999999,-23.654999999999998,0.0,0.0
157,GTSKPAKTPGPGSGQTKAPG,10.302063941955566,-1.185,3.0,0.0,0.0,6.0,20.0,1824.0007999999998,20.745,0.0,0.25,0.55,0.15,2.7571046111923003,-1.185,-22.515,0.0,0.0
158,TSKPAKTPGPGSGQTKAPGQ,10.301225852966304,-1.34,3.0,0.0,0.0,7.0,20.0,1895.0787,24.990000000000002,0.0,0.25,0.5,0.15,2.395199591369626,-1.34,-25.46,0.0,0.0
159,SKPAKTPGPGSGQTKAPGQA,10.301290321350095,-1.215,3.0,0.0,0.0,6.0,20.0,1865.0526999999997,24.990000000000002,0.0,0.3,0.5,0.1,2.4571494562205967,-1.215,-23.085,0.0,0.0
160,KPAKTPGPGSGQTKAPGQAG,10.302063941955566,-1.1949999999999998,3.0,0.0,0.0,5.0,20.0,1835.0267,24.990000000000002,0.0,0.3,0.5,0.1,2.7571046111923003,-1.1949999999999998,-22.705,0.0,0.0
161,PAKTPGPGSGQTKAPGQAGA,10.01866092681885,-0.9099999999999999,2.0,0.0,0.0,5.0,20.0,1777.9323,24.515000000000004,0.0,0.30000000000000004,0.5,0.1,1.9565308655803535,-0.9099999999999999,-17.29,0.0,0.0
162,AKTPGPGSGQTKAPGQAGAG,10.003317451477052,-0.85,2.0,0.0,0.0,5.0,20.0,1737.8683999999998,14.885000000000002,0.0,0.30000000000000004,0.5,0.1,1.7938765858560854,-0.85,-16.15,0.0,0.0
163,KTPGPGSGQTKAPGQAGAGK,10.302063941955566,-1.135,3.0,0.0,0.0,5.0,20.0,1794.9627999999998,10.64,0.0,0.3,0.5,0.1,2.7571046111923003,-1.135,-21.564999999999998,0.0,0.0
164,TPGPGSGQTKAPGQAGAGKA,10.000545310974118,-0.85,2.0,0.0,0.0,5.0,20.0,1737.8683999999998,10.64,0.0,0.30000000000000004,0.5,0.1,1.3961985923686266,-0.85,-16.15,0.0,0.0
165,PGPGSGQTKAPGQAGAGKAG,10.01866092681885,-0.835,2.0,0.0,0.0,4.0,20.0,1693.8157999999999,10.64,0.0,0.30000000000000004,0.5499999999999999,0.05,1.9565308655803535,-0.835,-15.864999999999998,0.0,0.0
166,GPGSGQTKAPGQAGAGKAGP,10.002737236022949,-0.835,2.0,0.0,0.0,4.0,20.0,1693.8157999999999,10.64,0.0,0.30000000000000004,0.5499999999999999,0.05,1.758103612191301,-0.835,-15.864999999999998,0.0,0.0
167,PGSGQTKAPGQAGAGKAGPV,10.01866092681885,-0.605,2.0,0.0,0.0,4.0,20.0,1735.8955,20.270000000000003,0.0,0.30000000000000004,0.5,0.1,1.9565308655803535,-0.605,-11.495,0.0,0.0
168,GSGQTKAPGQAGAGKAGPVT,10.002737236022949,-0.5599999999999999,2.0,0.0,0.0,5.0,20.0,1739.8842,16.025000000000002,0.0,0.30000000000000004,0.45,0.15000000000000002,1.758103612191301,-0.5599999999999999,-10.639999999999999,0.0,0.0
169,SGQTKAPGQAGAGKAGPVTV,10.000738716125486,-0.32999999999999996,2.0,0.0,0.0,5.0,20.0,1781.9638999999997,16.025000000000002,0.0,0.30000000000000004,0.4,0.2,1.4581484572195973,-0.32999999999999996,-6.27,0.0,0.0
170,GQTKAPGQAGAGKAGPVTVS,10.002737236022949,-0.32999999999999996,2.0,0.0,0.0,5.0,20.0,1781.9638999999997,16.025000000000002,0.0,0.30000000000000004,0.4,0.2,1.758103612191301,-0.32999999999999996,-6.27,0.0,0.0
171,"QTKAPGQAGAGKAGPVTVS",,,,,,,,,,,,,,,,,,
172,"TKAPGQAGAGKAGPVTVS
",,,,,,,,,,,,,,,,,,
173,"KAPGQAGAGKAGPVTVS
R",,,,,,,,,,,,,,,,,,
174,"APGQAGAGKAGPVTVS
RG",,,,,,,,,,,,,,,,,,
175,"PGQAGAGKAGPVTVS
RGP",,,,,,,,,,,,,,,,,,
176,"GQAGAGKAGPVTVS
RGPT",,,,,,,,,,,,,,,,,,
177,"QAGAGKAGPVTVS
RGPTP",,,,,,,,,,,,,,,,,,
178,"AGAGKAGPVTVS
RGPTPP",,,,,,,,,,,,,,,,,,
179,"GAGKAGPVTVS
RGPTPPP",,,,,,,,,,,,,,,,,,
180,"AGKAGPVTVS
RGPTPPPP",,,,,,,,,,,,,,,,,,
181,"GKAGPVTVS
RGPTPPPPK",,,,,,,,,,,,,,,,,,
182,"KAGPVTVS
RGPTPPPPKP",,,,,,,,,,,,,,,,,,
183,"AGPVTVS
RGPTPPPPKPR",,,,,,,,,,,,,,,,,,
184,"GPVTVS
RGPTPPPPKPRG",,,,,,,,,,,,,,,,,,
185,"PVTVS
RGPTPPPPKPRGS",,,,,,,,,,,,,,,,,,
186,"VTVS
RGPTPPPPKPRGSR",,,,,,,,,,,,,,,,,,
187,"TVS
RGPTPPPPKPRGSRP",,,,,,,,,,,,,,,,,,
188,"VS
RGPTPPPPKPRGSRPG",,,,,,,,,,,,,,,,,,
189,"S
RGPTPPPPKPRGSRPGP",,,,,,,,,,,,,,,,,,
190,"
RGPTPPPPKPRGSRPGPK",,,,,,,,,,,,,,,,,,
191,"
RGPTPPPPKPRGSRPGPKT",,,,,,,,,,,,,,,,,,
192,RGPTPPPPKPRGSRPGPKTG,11.999967765808105,-1.895,5.0,0.0,0.0,3.0,20.0,2037.3289,37.37500000000001,0.0,0.1,0.65,0.1,4.758073612491297,-1.895,-36.004999999999995,0.0,0.0
193,GPTPPPPKPRGSRPGPKTGG,11.999967765808105,-1.69,4.0,0.0,0.0,3.0,20.0,1938.1945,47.790000000000006,0.0,0.1,0.7000000000000001,0.1,3.758083612391299,-1.69,-32.11,0.0,0.0
194,PTPPPPKPRGSRPGPKTGGP,11.999967765808105,-1.75,4.0,0.0,0.0,3.0,20.0,1978.2584000000002,47.790000000000006,0.0,0.1,0.7000000000000001,0.1,3.9565108657803516,-1.75,-33.25,0.0,0.0
195,TPPPPKPRGSRPGPKTGGPS,11.999967765808105,-1.7100000000000002,4.0,0.0,0.0,4.0,20.0,1968.2205,57.42000000000001,0.0,0.1,0.7000000000000001,0.1,3.3961785925686248,-1.7100000000000002,-32.49,0.0,0.0
196,PPPPKPRGSRPGPKTGGPSG,11.999967765808105,-1.6949999999999998,4.0,0.0,0.0,3.0,20.0,1924.1679,57.42000000000001,0.0,0.1,0.75,0.05,3.9565108657803516,-1.6949999999999998,-32.205,0.0,0.0
197,PPPKPRGSRPGPKTGGPSGK,11.999967765808105,-1.81,5.0,0.0,0.0,3.0,20.0,1955.225,43.54500000000001,0.0,0.15,0.7,0.05,4.95551186478135,-1.81,-34.39,0.0,0.0
198,PPKPRGSRPGPKTGGPSGKT,11.999967765808105,-1.765,5.0,0.0,0.0,4.0,20.0,1959.2136999999998,33.915000000000006,0.0,0.15,0.65,0.1,4.95551186478135,-1.765,-33.535,0.0,0.0
199,PKPRGSRPGPKTGGPSGKTA,11.999967765808105,-1.595,5.0,0.0,0.0,4.0,20.0,1933.1763999999998,24.285,0.0,0.2,0.6,0.1,4.95551186478135,-1.595,-30.305,0.0,0.0
200,KPRGSRPGPKTGGPSGKTAP,11.999967765808105,-1.595,5.0,0.0,0.0,4.0,20.0,1933.1763999999998,33.915,0.0,0.2,0.6,0.1,4.7570846113922975,-1.595,-30.305,0.0,0.0
201,PRGSRPGPKTGGPSGKTAPG,11.999967765808105,-1.42,4.0,0.0,0.0,4.0,20.0,1862.0553999999997,37.685,0.0,0.15000000000000002,0.65,0.1,3.9565108657803516,-1.42,-26.979999999999997,0.0,0.0
202,RGSRPGPKTGGPSGKTAPGS,11.999967765808105,-1.3800000000000001,4.0,0.0,0.0,5.0,20.0,1852.0175,41.455,0.0,0.15000000000000002,0.65,0.1,3.758083612391299,-1.3800000000000001,-26.220000000000002,0.0,0.0
203,GSRPGPKTGGPSGKTAPGSA,11.16626262664795,-1.065,3.0,0.0,0.0,5.0,20.0,1766.9097000000002,45.70000000000001,0.0,0.2,0.65,0.1,2.7580936122913,-1.065,-20.235,0.0,0.0
204,SRPGPKTGGPSGKTAPGSAG,11.16600475311279,-1.065,3.0,0.0,0.0,5.0,20.0,1766.9097000000002,45.70000000000001,0.0,0.2,0.65,0.1,2.4581384573195963,-1.065,-20.235,0.0,0.0
205,RPGPKTGGPSGKTAPGSAGA,11.16626262664795,-0.9349999999999999,3.0,0.0,0.0,4.0,20.0,1750.9103,31.825,0.0,0.25,0.6,0.1,2.7580936122913,-0.9349999999999999,-17.765,0.0,0.0
206,PGPKTGGPSGKTAPGSAGAK,10.308317375183101,-0.905,3.0,0.0,0.0,4.0,20.0,1722.8969000000002,22.194999999999997,0.0,0.3,0.6,0.1,2.955531864581353,-0.905,-17.195,0.0,0.0
207,GPKTGGPSGKTAPGSAGAKT,10.302063941955566,-0.86,3.0,0.0,0.0,5.0,20.0,1726.8856,22.194999999999997,0.0,0.3,0.55,0.15,2.7571046111923003,-0.86,-16.34,0.0,0.0
208,PKTGGPSGKTAPGSAGAKTS,10.308317375183101,-0.8800000000000001,3.0,0.0,0.0,6.0,20.0,1756.9116,22.194999999999997,0.0,0.3,0.55,0.15,2.955531864581353,-0.8800000000000001,-16.720000000000002,0.0,0.0
209,KTGGPSGKTAPGSAGAKTSS,10.302063941955566,-0.8400000000000001,3.0,0.0,0.0,7.0,20.0,1746.8737,31.824999999999996,0.0,0.3,0.55,0.15,2.7571046111923003,-0.8400000000000001,-15.96,0.0,0.0
210,TGGPSGKTAPGSAGAKTSSG,10.000545310974118,-0.665,2.0,0.0,0.0,7.0,20.0,1675.7527,31.824999999999996,0.0,0.25,0.6,0.15,1.3961985923686266,-0.665,-12.635000000000002,0.0,0.0
211,GGPSGKTAPGSAGAKTSSGE,8.59152431488037,-0.805,2.0,1.0,0.0,6.0,20.0,1703.7628,32.3,0.0,0.3,0.6,0.1,0.7661513539320011,-0.805,-15.295000000000002,0.0,0.0
212,GPSGKTAPGSAGAKTSSGEA,8.591073036193851,-0.6950000000000001,2.0,1.0,0.0,6.0,20.0,1717.7894000000001,26.13,0.0,0.35000000000000003,0.55,0.1,0.7609140741645111,-0.6950000000000001,-13.205,0.0,0.0
213,PSGKTAPGSAGAKTSSGEAK,9.72558765411377,-0.8699999999999999,3.0,1.0,0.0,6.0,20.0,1788.9104000000002,26.13,0.0,0.4,0.5,0.1,1.958342326554563,-0.8699999999999999,-16.529999999999998,0.0,0.0
214,SGKTAPGSAGAKTSSGEAKT,9.7000581741333,-0.825,3.0,1.0,0.0,7.0,20.0,1792.8991,16.500000000000004,0.0,0.4,0.45,0.15,1.4599599181938068,-0.825,-15.675,0.0,0.0
215,GKTAPGSAGAKTSSGEAKTP,9.703023719787598,-0.865,3.0,1.0,0.0,6.0,20.0,1802.937,16.500000000000004,0.0,0.4,0.45,0.15,1.7599150731655104,-0.865,-16.435000000000002,0.0,0.0
216,KTAPGSAGAKTSSGEAKTPS,9.703023719787598,-0.885,3.0,1.0,0.0,7.0,20.0,1832.9630000000002,30.375,0.0,0.4,0.45,0.15,1.7599150731655104,-0.885,-16.814999999999998,0.0,0.0
217,TAPGSAGAKTSSGEAKTPSG,8.256675529479981,-0.71,2.0,1.0,0.0,7.0,20.0,1761.842,30.375,0.0,0.35000000000000003,0.5,0.15,0.39900905434183676,-0.71,-13.489999999999998,0.0,0.0
218,APGSAGAKTSSGEAKTPSGT,8.635104942321778,-0.71,2.0,1.0,0.0,7.0,20.0,1761.842,26.13,0.0,0.35000000000000003,0.5,0.15,0.7966870478292956,-0.71,-13.489999999999998,0.0,0.0
219,PGSAGAKTSSGEAKTPSGTS,9.0063138961792,-0.8400000000000001,2.0,1.0,0.0,8.0,20.0,1777.8413999999998,16.500000000000004,0.0,0.3,0.55,0.15,0.9593413275535636,-0.8400000000000001,-15.96,0.0,0.0
220,GSAGAKTSSGEAKTPSGTSP,8.591073036193851,-0.8400000000000001,2.0,1.0,0.0,8.0,20.0,1777.8413999999998,38.47,0.0,0.3,0.55,0.15,0.7609140741645111,-0.8400000000000001,-15.96,0.0,0.0
221,SAGAKTSSGEAKTPSGTSPK,9.7000581741333,-1.0150000000000001,3.0,1.0,0.0,8.0,20.0,1848.9624,38.47,0.0,0.35,0.5,0.15,1.4599599181938068,-1.0150000000000001,-19.285,0.0,0.0
222,AGAKTSSGEAKTPSGTSPKV,9.703926277160644,-0.7649999999999999,3.0,1.0,0.0,7.0,20.0,1861.0160999999998,34.225,0.0,0.35,0.45,0.2,1.795688046830295,-0.7649999999999999,-14.534999999999998,0.0,0.0
223,GAKTSSGEAKTPSGTSPKVG,9.703023719787598,-0.875,3.0,1.0,0.0,7.0,20.0,1846.9895000000001,29.98,0.0,0.3,0.5,0.2,1.7599150731655104,-0.875,-16.625,0.0,0.0
224,AKTSSGEAKTPSGTSPKVGK,10.001705741882326,-1.05,4.0,1.0,0.0,7.0,20.0,1918.1105000000002,29.980000000000008,0.0,0.35000000000000003,0.45,0.2,2.794689045831294,-1.05,-19.95,0.0,0.0
225,KTSSGEAKTPSGTSPKVGKP,10.00138339996338,-1.22,4.0,1.0,0.0,7.0,20.0,1944.1478000000002,26.210000000000008,0.0,0.30000000000000004,0.5,0.2,2.75891607216651,-1.22,-23.18,0.0,0.0
226,TSSGEAKTPSGTSPKVGKPA,9.699800300598145,-0.9349999999999999,3.0,1.0,0.0,7.0,20.0,1887.0533999999998,35.84000000000001,0.0,0.3,0.5,0.2,1.3980100533428361,-0.9349999999999999,-17.765,0.0,0.0
227,SSGEAKTPSGTSPKVGKPAG,9.7000581741333,-0.9199999999999999,3.0,1.0,0.0,6.0,20.0,1843.0007999999998,35.84000000000001,0.0,0.3,0.55,0.15000000000000002,1.4599599181938068,-0.9199999999999999,-17.479999999999997,0.0,0.0
228,SGEAKTPSGTSPKVGKPAGA,9.7000581741333,-0.79,3.0,1.0,0.0,5.0,20.0,1827.0014,21.965,0.0,0.35,0.5,0.15000000000000002,1.4599599181938068,-0.79,-15.010000000000002,0.0,0.0
229,GEAKTPSGTSPKVGKPAGAP,9.703023719787598,-0.8300000000000001,3.0,1.0,0.0,4.0,20.0,1837.0393,31.595,0.0,0.35,0.5,0.15000000000000002,1.7599150731655104,-0.8300000000000001,-15.770000000000001,0.0,0.0
230,EAKTPSGTSPKVGKPAGAPG,9.705344581604006,-0.8300000000000001,3.0,1.0,0.0,4.0,20.0,1837.0393,35.365,0.0,0.35,0.5,0.15000000000000002,1.833830615700991,-0.8300000000000001,-15.770000000000001,0.0,0.0
231,AKTPSGTSPKVGKPAGAPGA,10.302321815490721,-0.5650000000000001,3.0,0.0,0.0,4.0,20.0,1779.0032,31.119999999999994,0.0,0.35,0.5,0.15000000000000002,2.792877584857085,-0.5650000000000001,-10.735000000000001,0.0,0.0
232,KTPSGTSPKVGKPAGAPGAE,9.703023719787598,-0.8300000000000001,3.0,1.0,0.0,4.0,20.0,1837.0393,31.119999999999994,0.0,0.35,0.5,0.15000000000000002,1.7651523529330004,-0.8300000000000001,-15.770000000000001,0.0,0.0
233,TPSGTSPKVGKPAGAPGAEK,9.699800300598145,-0.8300000000000001,3.0,1.0,0.0,4.0,20.0,1837.0393,31.119999999999994,0.0,0.35,0.5,0.15000000000000002,1.3980100533428361,-0.8300000000000001,-15.770000000000001,0.0,0.0
234,PSGTSPKVGKPAGAPGAEKS,9.72558765411377,-0.835,3.0,1.0,0.0,4.0,20.0,1823.0126999999998,31.119999999999994,0.0,0.35,0.55,0.1,1.958342326554563,-0.835,-15.864999999999998,0.0,0.0
235,"SGTSPKVGKPAGAPGAEKS",,,,,,,,,,,,,,,,,,
236,"GTSPKVGKPAGAPGAEKS
",,,,,,,,,,,,,,,,,,
237,"TSPKVGKPAGAPGAEKS
G",,,,,,,,,,,,,,,,,,
238,"SPKVGKPAGAPGAEKS
GP",,,,,,,,,,,,,,,,,,
239,"PKVGKPAGAPGAEKS
GPP",,,,,,,,,,,,,,,,,,
240,"KVGKPAGAPGAEKS
GPPG",,,,,,,,,,,,,,,,,,
241,"VGKPAGAPGAEKS
GPPGV",,,,,,,,,,,,,,,,,,
242,"GKPAGAPGAEKS
GPPGVS",,,,,,,,,,,,,,,,,,
243,"KPAGAPGAEKS
GPPGVSS",,,,,,,,,,,,,,,,,,
244,"PAGAPGAEKS
GPPGVSSK",,,,,,,,,,,,,,,,,,
245,"AGAPGAEKS
GPPGVSSKP",,,,,,,,,,,,,,,,,,
246,"GAPGAEKS
GPPGVSSKPG",,,,,,,,,,,,,,,,,,
247,"APGAEKS
GPPGVSSKPGG",,,,,,,,,,,,,,,,,,
248,"PGAEKS
GPPGVSSKPGGS",,,,,,,,,,,,,,,,,,
249,"GAEKS
GPPGVSSKPGGSG",,,,,,,,,,,,,,,,,,
250,"AEKS
GPPGVSSKPGGSGP",,,,,,,,,,,,,,,,,,
251,"EKS
GPPGVSSKPGGSGPK",,,,,,,,,,,,,,,,,,
252,"KS
GPPGVSSKPGGSGPKA",,,,,,,,,,,,,,,,,,
253,"S
GPPGVSSKPGGSGPKAG",,,,,,,,,,,,,,,,,,
254,"
GPPGVSSKPGGSGPKAGK",,,,,,,,,,,,,,,,,,
255,"
GPPGVSSKPGGSGPKAGKP",,,,,,,,,,,,,,,,,,
256,GPPGVSSKPGGSGPKAGKPG,10.302063941955566,-0.945,3.0,0.0,0.0,3.0,20.0,1718.9081,23.145000000000003,0.0,0.2,0.75,0.05,2.7571046111923003,-0.945,-17.955,0.0,0.0
257,PPGVSSKPGGSGPKAGKPGS,10.308317375183101,-0.9650000000000001,3.0,0.0,0.0,4.0,20.0,1748.9341,23.145000000000003,0.0,0.2,0.75,0.05,2.955531864581353,-0.9650000000000001,-18.335,0.0,0.0
258,PGVSSKPGGSGPKAGKPGSG,10.308317375183101,-0.905,3.0,0.0,0.0,4.0,20.0,1708.8701999999998,13.515,0.0,0.2,0.75,0.05,2.955531864581353,-0.905,-17.195,0.0,0.0
259,GVSSKPGGSGPKAGKPGSGG,10.302063941955566,-0.845,3.0,0.0,0.0,4.0,20.0,1668.8063,19.685000000000002,0.0,0.2,0.75,0.05,2.7571046111923003,-0.845,-16.055,0.0,0.0
260,VSSKPGGSGPKAGKPGSGGA,10.301935005187985,-0.735,3.0,0.0,0.0,4.0,20.0,1682.8328999999999,15.440000000000001,0.0,0.25,0.7,0.05,2.73099138695815,-0.735,-13.965,0.0,0.0
261,SSKPGGSGPKAGKPGSGGAG,10.301290321350095,-0.9650000000000001,3.0,0.0,0.0,4.0,20.0,1640.7531999999999,15.440000000000001,0.0,0.25,0.75,0.0,2.4571494562205967,-0.9650000000000001,-18.335,0.0,0.0
262,SKPGGSGPKAGKPGSGGAGP,10.301290321350095,-1.0050000000000001,3.0,0.0,0.0,3.0,20.0,1650.7911,5.81,0.0,0.25,0.75,0.0,2.4571494562205967,-1.0050000000000001,-19.095000000000002,0.0,0.0
263,KPGGSGPKAGKPGSGGAGPS,10.302063941955566,-1.0050000000000001,3.0,0.0,0.0,3.0,20.0,1650.7911,15.440000000000001,0.0,0.25,0.75,0.0,2.7571046111923003,-1.0050000000000001,-19.095000000000002,0.0,0.0
264,PGGSGPKAGKPGSGGAGPSG,10.01866092681885,-0.8300000000000001,2.0,0.0,0.0,3.0,20.0,1579.6700999999998,19.21,0.0,0.2,0.8,0.0,1.9565308655803535,-0.8300000000000001,-15.770000000000001,0.0,0.0
265,GGSGPKAGKPGSGGAGPSGS,10.002737236022949,-0.79,2.0,0.0,0.0,4.0,20.0,1569.6322,19.21,0.0,0.2,0.8,0.0,1.758103612191301,-0.79,-15.010000000000002,0.0,0.0
266,GSGPKAGKPGSGGAGPSGSP,10.002737236022949,-0.85,2.0,0.0,0.0,4.0,20.0,1609.6961,35.01,0.0,0.2,0.8,0.0,1.758103612191301,-0.85,-16.15,0.0,0.0
267,SGPKAGKPGSGGAGPSGSPG,10.000738716125486,-0.85,2.0,0.0,0.0,4.0,20.0,1609.6961,35.01,0.0,0.2,0.8,0.0,1.4581484572195973,-0.85,-16.15,0.0,0.0
268,GPKAGKPGSGGAGPSGSPGK,10.302063941955566,-1.0050000000000001,3.0,0.0,0.0,3.0,20.0,1650.7911,30.764999999999997,0.0,0.25,0.75,0.0,2.7571046111923003,-1.0050000000000001,-19.095000000000002,0.0,0.0
269,PKAGKPGSGGAGPSGSPGKP,10.308317375183101,-1.065,3.0,0.0,0.0,3.0,20.0,1690.855,26.994999999999997,0.0,0.25,0.75,0.0,2.955531864581353,-1.065,-20.235,0.0,0.0
270,KAGKPGSGGAGPSGSPGKPG,10.302063941955566,-1.0050000000000001,3.0,0.0,0.0,3.0,20.0,1650.7911,26.994999999999997,0.0,0.25,0.75,0.0,2.7571046111923003,-1.0050000000000001,-19.095000000000002,0.0,0.0
271,AGKPGSGGAGPSGSPGKPGT,10.003317451477052,-0.845,2.0,0.0,0.0,4.0,20.0,1623.7227,22.749999999999996,0.0,0.2,0.75,0.05,1.7938765858560854,-0.845,-16.055,0.0,0.0
272,GKPGSGGAGPSGSPGKPGTK,10.302063941955566,-1.1300000000000001,3.0,0.0,0.0,4.0,20.0,1680.8171,22.749999999999996,0.0,0.2,0.75,0.05,2.7571046111923003,-1.1300000000000001,-21.470000000000002,0.0,0.0
273,KPGSGGAGPSGSPGKPGTKG,10.302063941955566,-1.1300000000000001,3.0,0.0,0.0,4.0,20.0,1680.8171,22.749999999999996,0.0,0.2,0.75,0.05,2.7571046111923003,-1.1300000000000001,-21.470000000000002,0.0,0.0
274,PGSGGAGPSGSPGKPGTKGP,10.01866092681885,-1.0150000000000001,2.0,0.0,0.0,4.0,20.0,1649.76,26.519999999999996,0.0,0.15000000000000002,0.8,0.05,1.9565308655803535,-1.0150000000000001,-19.285,0.0,0.0
275,GSGGAGPSGSPGKPGTKGPK,10.302063941955566,-1.1300000000000001,3.0,0.0,0.0,4.0,20.0,1680.8171,26.519999999999996,0.0,0.2,0.75,0.05,2.7571046111923003,-1.1300000000000001,-21.470000000000002,0.0,0.0
276,SGGAGPSGSPGKPGTKGPKG,10.301290321350095,-1.1300000000000001,3.0,0.0,0.0,4.0,20.0,1680.8171,22.275000000000002,0.0,0.2,0.75,0.05,2.4571494562205967,-1.1300000000000001,-21.470000000000002,0.0,0.0
277,GGAGPSGSPGKPGTKGPKGA,10.302063941955566,-1.0,3.0,0.0,0.0,3.0,20.0,1664.8177,18.029999999999998,0.0,0.25,0.7000000000000001,0.05,2.7571046111923003,-1.0,-19.0,0.0,0.0
278,GAGPSGSPGKPGTKGPKGAK,10.477740287780762,-1.175,4.0,0.0,0.0,3.0,20.0,1735.9387000000002,11.859999999999996,0.0,0.30000000000000004,0.65,0.05,3.7561056101932997,-1.175,-22.325,0.0,0.0
279,AGPSGSPGKPGTKGPKGAKG,10.47786922454834,-1.175,4.0,0.0,0.0,3.0,20.0,1735.9387000000002,11.859999999999996,0.0,0.30000000000000004,0.65,0.05,3.7918785838580837,-1.175,-22.325,0.0,0.0
280,GPSGSPGKPGTKGPKGAKGP,10.477740287780762,-1.345,4.0,0.0,0.0,3.0,20.0,1761.976,11.859999999999996,0.0,0.25,0.7,0.05,3.7561056101932997,-1.345,-25.555,0.0,0.0
281,PSGSPGKPGTKGPKGAKGPK,10.60512981414795,-1.52,5.0,0.0,0.0,3.0,20.0,1833.0969999999998,11.859999999999996,0.0,0.3,0.65,0.05,4.953533862583351,-1.52,-28.88,0.0,0.0
282,SGSPGKPGTKGPKGAKGPKG,10.602164268493652,-1.46,5.0,0.0,0.0,3.0,20.0,1793.0331,-2.015000000000004,0.0,0.3,0.65,0.05,4.4551514542225945,-1.46,-27.74,0.0,0.0
283,GSPGKPGTKGPKGAKGPKGA,10.602486610412598,-1.33,5.0,0.0,0.0,2.0,20.0,1777.0337,-6.260000000000004,0.0,0.35,0.6,0.05,4.755106609194298,-1.33,-25.270000000000003,0.0,0.0
284,SPGKPGTKGPKGAKGPKGAK,10.699060249328614,-1.5050000000000001,6.0,0.0,0.0,2.0,20.0,1848.1547,-6.260000000000004,0.0,0.4,0.55,0.05,5.454152453223594,-1.5050000000000001,-28.595000000000002,0.0,0.0
285,PGKPGTKGPKGAKGPKGAKG,10.701316642761231,-1.4849999999999999,6.0,0.0,0.0,1.0,20.0,1818.1286999999998,-32.47500000000001,0.0,0.4,0.55,0.05,5.9525348615843505,-1.4849999999999999,-28.215,0.0,0.0
286,GKPGTKGPKGAKGPKGAKGP,10.699318122863769,-1.4849999999999999,6.0,0.0,0.0,1.0,20.0,1818.1286999999998,-32.47500000000001,0.0,0.4,0.55,0.05,5.754107608195298,-1.4849999999999999,-28.215,0.0,0.0
287,KPGTKGPKGAKGPKGAKGPK,10.778420829772951,-1.6600000000000001,7.0,0.0,0.0,1.0,20.0,1889.2496999999998,-28.230000000000008,0.0,0.44999999999999996,0.5,0.05,6.753108607196297,-1.6600000000000001,-31.540000000000003,0.0,0.0
288,PGTKGPKGAKGPKGAKGPKG,10.701316642761231,-1.4849999999999999,6.0,0.0,0.0,1.0,20.0,1818.1286999999998,-28.705000000000005,0.0,0.4,0.55,0.05,5.9525348615843505,-1.4849999999999999,-28.215,0.0,0.0
289,GTKGPKGAKGPKGAKGPKGP,10.699318122863769,-1.4849999999999999,6.0,0.0,0.0,1.0,20.0,1818.1286999999998,-28.705000000000005,0.0,0.4,0.55,0.05,5.754107608195298,-1.4849999999999999,-28.215,0.0,0.0
290,TKGPKGAKGPKGAKGPKGPK,10.778227424621583,-1.6600000000000001,7.0,0.0,0.0,1.0,20.0,1889.2496999999998,-24.460000000000004,0.0,0.44999999999999996,0.5,0.05,6.391203587373622,-1.6600000000000001,-31.540000000000003,0.0,0.0
291,KGPKGAKGPKGAKGPKGPKG,10.778420829772951,-1.645,7.0,0.0,0.0,0.0,20.0,1845.1970999999999,-28.705000000000005,0.0,0.44999999999999996,0.55,0.0,6.753108607196297,-1.645,-31.255,0.0,0.0
292,GPKGAKGPKGAKGPKGPKGA,10.699318122863769,-1.3599999999999999,6.0,0.0,0.0,0.0,20.0,1788.1027,-28.705000000000005,0.0,0.44999999999999996,0.55,0.0,5.754107608195298,-1.3599999999999999,-25.84,0.0,0.0
293,PKGAKGPKGAKGPKGPKGAK,10.780097007751465,-1.535,7.0,0.0,0.0,0.0,20.0,1859.2237,-28.705000000000005,0.0,0.5,0.5,0.0,6.9515358605853494,-1.535,-29.165,0.0,0.0
294,KGAKGPKGAKGPKGPKGAKG,10.778420829772951,-1.475,7.0,0.0,0.0,0.0,20.0,1819.1598,-32.95,0.0,0.5,0.5,0.0,6.753108607196297,-1.475,-28.025,0.0,0.0
295,GAKGPKGAKGPKGPKGAKGA,10.699318122863769,-1.19,6.0,0.0,0.0,0.0,20.0,1762.0654,-32.95,0.0,0.5,0.5,0.0,5.754107608195298,-1.19,-22.61,0.0,0.0
296,AKGPKGAKGPKGPKGAKGAK,10.778485298156738,-1.365,7.0,0.0,0.0,0.0,20.0,1833.1864,-28.705000000000005,0.0,0.55,0.44999999999999996,0.0,6.788881580861081,-1.365,-25.935000000000002,0.0,0.0
297,KGPKGAKGPKGPKGAKGAKG,10.778420829772951,-1.475,7.0,0.0,0.0,0.0,20.0,1819.1598,-32.95,0.0,0.5,0.5,0.0,6.753108607196297,-1.475,-28.025,0.0,0.0
298,GPKGAKGPKGPKGAKGAKGP,10.699318122863769,-1.3599999999999999,6.0,0.0,0.0,0.0,20.0,1788.1027,-28.705000000000005,0.0,0.44999999999999996,0.55,0.0,5.754107608195298,-1.3599999999999999,-25.84,0.0,0.0
299,"PKGAKGPKGPKGAKGAKGP",,,,,,,,,,,,,,,,,,
300,"KGAKGPKGPKGAKGAKGP
",,,,,,,,,,,,,,,,,,
301,"GAKGPKGPKGAKGAKGP
K",,,,,,,,,,,,,,,,,,
302,"AKGPKGPKGAKGAKGP
KG",,,,,,,,,,,,,,,,,,
303,"KGPKGPKGAKGAKGP
KGA",,,,,,,,,,,,,,,,,,
304,"GPKGPKGAKGAKGP
KGAK",,,,,,,,,,,,,,,,,,
305,"PKGPKGAKGAKGP
KGAKG",,,,,,,,,,,,,,,,,,
306,"KGPKGAKGAKGP
KGAKGP",,,,,,,,,,,,,,,,,,
307,"GPKGAKGAKGP
KGAKGPK",,,,,,,,,,,,,,,,,,
308,"PKGAKGAKGP
KGAKGPKG",,,,,,,,,,,,,,,,,,
309,"KGAKGAKGP
KGAKGPKGP",,,,,,,,,,,,,,,,,,
310,"GAKGAKGP
KGAKGPKGPK",,,,,,,,,,,,,,,,,,
311,"AKGAKGP
KGAKGPKGPKG",,,,,,,,,,,,,,,,,,
312,"KGAKGP
KGAKGPKGPKGA",,,,,,,,,,,,,,,,,,
313,"GAKGP
KGAKGPKGPKGAQ",,,,,,,,,,,,,,,,,,
314,"AKGP
KGAKGPKGPKGAQG",,,,,,,,,,,,,,,,,,
315,"KGP
KGAKGPKGPKGAQGP",,,,,,,,,,,,,,,,,,
316,"GP
KGAKGPKGPKGAQGPK",,,,,,,,,,,,,,,,,,
317,"P
KGAKGPKGPKGAQGPKG",,,,,,,,,,,,,,,,,,
318,"
KGAKGPKGPKGAQGPKGP",,,,,,,,,,,,,,,,,,
319,"
KGAKGPKGPKGAQGPKGPK",,,,,,,,,,,,,,,,,,
320,KGAKGPKGPKGAQGPKGPKG,10.699318122863769,-1.625,6.0,0.0,0.0,1.0,20.0,1845.154,-24.460000000000004,0.0,0.4,0.55,0.0,5.754107608195298,-1.625,-30.875,0.0,0.0
321,GAKGPKGPKGAQGPKGPKGP,10.602486610412598,-1.51,5.0,0.0,0.0,1.0,20.0,1814.0969,-20.215000000000003,0.0,0.35,0.6,0.0,4.755106609194298,-1.51,-28.689999999999998,0.0,0.0
322,AKGPKGPKGAQGPKGPKGPK,10.69938259124756,-1.685,6.0,0.0,0.0,1.0,20.0,1885.2179,-15.970000000000002,0.0,0.4,0.55,0.0,5.789880581860082,-1.685,-32.015,0.0,0.0
323,KGPKGPKGAQGPKGPKGPKG,10.699318122863769,-1.795,6.0,0.0,0.0,1.0,20.0,1871.1913,-20.215000000000003,0.0,0.35,0.6,0.0,5.754107608195298,-1.795,-34.105,0.0,0.0
324,GPKGPKGAQGPKGPKGPKGP,10.602486610412598,-1.6800000000000002,5.0,0.0,0.0,1.0,20.0,1840.1342,-15.970000000000002,0.0,0.3,0.6499999999999999,0.0,4.755106609194298,-1.6800000000000002,-31.92,0.0,0.0
325,PKGPKGAQGPKGPKGPKGPK,10.701316642761231,-1.855,6.0,0.0,0.0,1.0,20.0,1911.2552,-15.970000000000002,0.0,0.35,0.6,0.0,5.9525348615843505,-1.855,-35.245000000000005,0.0,0.0
326,KGPKGAQGPKGPKGPKGPKG,10.699318122863769,-1.795,6.0,0.0,0.0,1.0,20.0,1871.1913,-20.215000000000003,0.0,0.35,0.6,0.0,5.754107608195298,-1.795,-34.105,0.0,0.0
327,GPKGAQGPKGPKGPKGPKGP,10.602486610412598,-1.6800000000000002,5.0,0.0,0.0,1.0,20.0,1840.1342,-15.970000000000002,0.0,0.3,0.6499999999999999,0.0,4.755106609194298,-1.6800000000000002,-31.92,0.0,0.0
328,PKGAQGPKGPKGPKGPKGPK,10.701316642761231,-1.855,6.0,0.0,0.0,1.0,20.0,1911.2552,-15.970000000000002,0.0,0.35,0.6,0.0,5.9525348615843505,-1.855,-35.245000000000005,0.0,0.0
329,KGAQGPKGPKGPKGPKGPKG,10.699318122863769,-1.795,6.0,0.0,0.0,1.0,20.0,1871.1913,-20.215000000000003,0.0,0.35,0.6,0.0,5.754107608195298,-1.795,-34.105,0.0,0.0
330,GAQGPKGPKGPKGPKGPKGP,10.602486610412598,-1.6800000000000002,5.0,0.0,0.0,1.0,20.0,1840.1342,-15.970000000000002,0.0,0.3,0.6499999999999999,0.0,4.755106609194298,-1.6800000000000002,-31.92,0.0,0.0
331,AQGPKGPKGPKGPKGPKGPK,10.69938259124756,-1.855,6.0,0.0,0.0,1.0,20.0,1911.2552,-11.725000000000001,0.0,0.35,0.6,0.0,5.789880581860082,-1.855,-35.245000000000005,0.0,0.0
332,QGPKGPKGPKGPKGPKGPKG,10.699318122863769,-1.9649999999999999,6.0,0.0,0.0,1.0,20.0,1897.2286,-15.970000000000002,0.0,0.3,0.6499999999999999,0.0,5.754107608195298,-1.9649999999999999,-37.334999999999994,0.0,0.0
333,GPKGPKGPKGPKGPKGPKGP,10.699318122863769,-1.8699999999999999,6.0,0.0,0.0,0.0,20.0,1866.2145999999998,-15.970000000000002,0.0,0.3,0.7,0.0,5.754107608195298,-1.8699999999999999,-35.53,0.0,0.0
334,PKGPKGPKGPKGPKGPKGPK,10.780097007751465,-2.045,7.0,0.0,0.0,0.0,20.0,1937.3355999999999,-15.970000000000002,0.0,0.35,0.6499999999999999,0.0,6.9515358605853494,-2.045,-38.855,0.0,0.0
335,KGPKGPKGPKGPKGPKGPKG,10.778420829772951,-1.985,7.0,0.0,0.0,0.0,20.0,1897.2716999999998,-20.215000000000003,0.0,0.35,0.6499999999999999,0.0,6.753108607196297,-1.985,-37.715,0.0,0.0
336,GPKGPKGPKGPKGPKGPKGP,10.699318122863769,-1.8699999999999999,6.0,0.0,0.0,0.0,20.0,1866.2145999999998,-15.970000000000002,0.0,0.3,0.7,0.0,5.754107608195298,-1.8699999999999999,-35.53,0.0,0.0
337,PKGPKGPKGPKGPKGPKGPK,10.780097007751465,-2.045,7.0,0.0,0.0,0.0,20.0,1937.3355999999999,-15.970000000000002,0.0,0.35,0.6499999999999999,0.0,6.9515358605853494,-2.045,-38.855,0.0,0.0
338,KGPKGPKGPKGPKGPKGPKG,10.778420829772951,-1.985,7.0,0.0,0.0,0.0,20.0,1897.2716999999998,-20.215000000000003,0.0,0.35,0.6499999999999999,0.0,6.753108607196297,-1.985,-37.715,0.0,0.0
339,GPKGPKGPKGPKGPKGPKGP,10.699318122863769,-1.8699999999999999,6.0,0.0,0.0,0.0,20.0,1866.2145999999998,-15.970000000000002,0.0,0.3,0.7,0.0,5.754107608195298,-1.8699999999999999,-35.53,0.0,0.0
340,PKGPKGPKGPKGPKGPKGPK,10.780097007751465,-2.045,7.0,0.0,0.0,0.0,20.0,1937.3355999999999,-15.970000000000002,0.0,0.35,0.6499999999999999,0.0,6.9515358605853494,-2.045,-38.855,0.0,0.0
341,KGPKGPKGPKGPKGPKGPKG,10.778420829772951,-1.985,7.0,0.0,0.0,0.0,20.0,1897.2716999999998,-20.215000000000003,0.0,0.35,0.6499999999999999,0.0,6.753108607196297,-1.985,-37.715,0.0,0.0
342,GPKGPKGPKGPKGPKGPKGP,10.699318122863769,-1.8699999999999999,6.0,0.0,0.0,0.0,20.0,1866.2145999999998,-15.970000000000002,0.0,0.3,0.7,0.0,5.754107608195298,-1.8699999999999999,-35.53,0.0,0.0
343,PKGPKGPKGPKGPKGPKGPK,10.780097007751465,-2.045,7.0,0.0,0.0,0.0,20.0,1937.3355999999999,-15.970000000000002,0.0,0.35,0.6499999999999999,0.0,6.9515358605853494,-2.045,-38.855,0.0,0.0
344,KGPKGPKGPKGPKGPKGPKG,10.778420829772951,-1.985,7.0,0.0,0.0,0.0,20.0,1897.2716999999998,-20.215000000000003,0.0,0.35,0.6499999999999999,0.0,6.753108607196297,-1.985,-37.715,0.0,0.0
345,GPKGPKGPKGPKGPKGPKGP,10.699318122863769,-1.8699999999999999,6.0,0.0,0.0,0.0,20.0,1866.2145999999998,-15.970000000000002,0.0,0.3,0.7,0.0,5.754107608195298,-1.8699999999999999,-35.53,0.0,0.0
346,PKGPKGPKGPKGPKGPKGPK,10.780097007751465,-2.045,7.0,0.0,0.0,0.0,20.0,1937.3355999999999,-15.970000000000002,0.0,0.35,0.6499999999999999,0.0,6.9515358605853494,-2.045,-38.855,0.0,0.0
347,KGPKGPKGPKGPKGPKGPKG,10.778420829772951,-1.985,7.0,0.0,0.0,0.0,20.0,1897.2716999999998,-20.215000000000003,0.0,0.35,0.6499999999999999,0.0,6.753108607196297,-1.985,-37.715,0.0,0.0
348,GPKGPKGPKGPKGPKGPKGP,10.699318122863769,-1.8699999999999999,6.0,0.0,0.0,0.0,20.0,1866.2145999999998,-15.970000000000002,0.0,0.3,0.7,0.0,5.754107608195298,-1.8699999999999999,-35.53,0.0,0.0
349,PKGPKGPKGPKGPKGPKGPK,10.780097007751465,-2.045,7.0,0.0,0.0,0.0,20.0,1937.3355999999999,-15.970000000000002,0.0,0.35,0.6499999999999999,0.0,6.9515358605853494,-2.045,-38.855,0.0,0.0
350,KGPKGPKGPKGPKGPKGPKG,10.778420829772951,-1.985,7.0,0.0,0.0,0.0,20.0,1897.2716999999998,-20.215000000000003,0.0,0.35,0.6499999999999999,0.0,6.753108607196297,-1.985,-37.715,0.0,0.0
351,GPKGPKGPKGPKGPKGPKGP,10.699318122863769,-1.8699999999999999,6.0,0.0,0.0,0.0,20.0,1866.2145999999998,-15.970000000000002,0.0,0.3,0.7,0.0,5.754107608195298,-1.8699999999999999,-35.53,0.0,0.0
352,PKGPKGPKGPKGPKGPKGPK,10.780097007751465,-2.045,7.0,0.0,0.0,0.0,20.0,1937.3355999999999,-15.970000000000002,0.0,0.35,0.6499999999999999,0.0,6.9515358605853494,-2.045,-38.855,0.0,0.0
353,KGPKGPKGPKGPKGPKGPKG,10.778420829772951,-1.985,7.0,0.0,0.0,0.0,20.0,1897.2716999999998,-20.215000000000003,0.0,0.35,0.6499999999999999,0.0,6.753108607196297,-1.985,-37.715,0.0,0.0
354,GPKGPKGPKGPKGPKGPKGP,10.699318122863769,-1.8699999999999999,6.0,0.0,0.0,0.0,20.0,1866.2145999999998,-15.970000000000002,0.0,0.3,0.7,0.0,5.754107608195298,-1.8699999999999999,-35.53,0.0,0.0
355,PKGPKGPKGPKGPKGPKGPK,10.780097007751465,-2.045,7.0,0.0,0.0,0.0,20.0,1937.3355999999999,-15.970000000000002,0.0,0.35,0.6499999999999999,0.0,6.9515358605853494,-2.045,-38.855,0.0,0.0
356,KGPKGPKGPKGPKGPKGPKG,10.778420829772951,-1.985,7.0,0.0,0.0,0.0,20.0,1897.2716999999998,-20.215000000000003,0.0,0.35,0.6499999999999999,0.0,6.753108607196297,-1.985,-37.715,0.0,0.0
357,GPKGPKGPKGPKGPKGPKGP,10.699318122863769,-1.8699999999999999,6.0,0.0,0.0,0.0,20.0,1866.2145999999998,-15.970000000000002,0.0,0.3,0.7,0.0,5.754107608195298,-1.8699999999999999,-35.53,0.0,0.0
358,PKGPKGPKGPKGPKGPKGPK,10.780097007751465,-2.045,7.0,0.0,0.0,0.0,20.0,1937.3355999999999,-15.970000000000002,0.0,0.35,0.6499999999999999,0.0,6.9515358605853494,-2.045,-38.855,0.0,0.0
359,KGPKGPKGPKGPKGPKGPKG,10.778420829772951,-1.985,7.0,0.0,0.0,0.0,20.0,1897.2716999999998,-20.215000000000003,0.0,0.35,0.6499999999999999,0.0,6.753108607196297,-1.985,-37.715,0.0,0.0
360,GPKGPKGPKGPKGPKGPKGP,10.699318122863769,-1.8699999999999999,6.0,0.0,0.0,0.0,20.0,1866.2145999999998,-15.970000000000002,0.0,0.3,0.7,0.0,5.754107608195298,-1.8699999999999999,-35.53,0.0,0.0
361,PKGPKGPKGPKGPKGPKGPK,10.780097007751465,-2.045,7.0,0.0,0.0,0.0,20.0,1937.3355999999999,-15.970000000000002,0.0,0.35,0.6499999999999999,0.0,6.9515358605853494,-2.045,-38.855,0.0,0.0
362,KGPKGPKGPKGPKGPKGPKG,10.778420829772951,-1.985,7.0,0.0,0.0,0.0,20.0,1897.2716999999998,-20.215000000000003,0.0,0.35,0.6499999999999999,0.0,6.753108607196297,-1.985,-37.715,0.0,0.0
363,"GPKGPKGPKGPKGPKGPKG",,,,,,,,,,,,,,,,,,
364,"PKGPKGPKGPKGPKGPKG
",,,,,,,,,,,,,,,,,,
365,"KGPKGPKGPKGPKGPKG
P",,,,,,,,,,,,,,,,,,
366,"GPKGPKGPKGPKGPKG
PK",,,,,,,,,,,,,,,,,,
367,"PKGPKGPKGPKGPKG
PKG",,,,,,,,,,,,,,,,,,
368,"KGPKGPKGPKGPKG
PKGP",,,,,,,,,,,,,,,,,,
369,"GPKGPKGPKGPKG
PKGPK",,,,,,,,,,,,,,,,,,
370,"PKGPKGPKGPKG
PKGPKG",,,,,,,,,,,,,,,,,,
371,"KGPKGPKGPKG
PKGPKGP",,,,,,,,,,,,,,,,,,
372,"GPKGPKGPKG
PKGPKGPK",,,,,,,,,,,,,,,,,,
373,"PKGPKGPKG
PKGPKGPKG",,,,,,,,,,,,,,,,,,
374,"KGPKGPKG
PKGPKGPKGP",,,,,,,,,,,,,,,,,,
375,"GPKGPKG
PKGPKGPKGPK",,,,,,,,,,,,,,,,,,
376,"PKGPKG
PKGPKGPKGPKG",,,,,,,,,,,,,,,,,,
377,"KGPKG
PKGPKGPKGPKGP",,,,,,,,,,,,,,,,,,
378,"GPKG
PKGPKGPKGPKGPK",,,,,,,,,,,,,,,,,,
379,"PKG
PKGPKGPKGPKGPKG",,,,,,,,,,,,,,,,,,
380,"KG
PKGPKGPKGPKGPKGP",,,,,,,,,,,,,,,,,,
381,"G
PKGPKGPKGPKGPKGPK",,,,,,,,,,,,,,,,,,
382,"
PKGPKGPKGPKGPKGPKG",,,,,,,,,,,,,,,,,,
383,"
PKGPKGPKGPKGPKGPKGP",,,,,,,,,,,,,,,,,,
384,PKGPKGPKGPKGPKGPKGPK,10.780097007751465,-2.045,7.0,0.0,0.0,0.0,20.0,1937.3355999999999,-15.970000000000002,0.0,0.35,0.6499999999999999,0.0,6.9515358605853494,-2.045,-38.855,0.0,0.0
385,KGPKGPKGPKGPKGPKGPKG,10.778420829772951,-1.985,7.0,0.0,0.0,0.0,20.0,1897.2716999999998,-20.215000000000003,0.0,0.35,0.6499999999999999,0.0,6.753108607196297,-1.985,-37.715,0.0,0.0
386,GPKGPKGPKGPKGPKGPKGP,10.699318122863769,-1.8699999999999999,6.0,0.0,0.0,0.0,20.0,1866.2145999999998,-15.970000000000002,0.0,0.3,0.7,0.0,5.754107608195298,-1.8699999999999999,-35.53,0.0,0.0
387,PKGPKGPKGPKGPKGPKGPK,10.780097007751465,-2.045,7.0,0.0,0.0,0.0,20.0,1937.3355999999999,-15.970000000000002,0.0,0.35,0.6499999999999999,0.0,6.9515358605853494,-2.045,-38.855,0.0,0.0
388,KGPKGPKGPKGPKGPKGPKG,10.778420829772951,-1.985,7.0,0.0,0.0,0.0,20.0,1897.2716999999998,-20.215000000000003,0.0,0.35,0.6499999999999999,0.0,6.753108607196297,-1.985,-37.715,0.0,0.0
389,GPKGPKGPKGPKGPKGPKGP,10.699318122863769,-1.8699999999999999,6.0,0.0,0.0,0.0,20.0,1866.2145999999998,-15.970000000000002,0.0,0.3,0.7,0.0,5.754107608195298,-1.8699999999999999,-35.53,0.0,0.0
390,PKGPKGPKGPKGPKGPKGPK,10.780097007751465,-2.045,7.0,0.0,0.0,0.0,20.0,1937.3355999999999,-15.970000000000002,0.0,0.35,0.6499999999999999,0.0,6.9515358605853494,-2.045,-38.855,0.0,0.0
391,KGPKGPKGPKGPKGPKGPKG,10.778420829772951,-1.985,7.0,0.0,0.0,0.0,20.0,1897.2716999999998,-20.215000000000003,0.0,0.35,0.6499999999999999,0.0,6.753108607196297,-1.985,-37.715,0.0,0.0
392,GPKGPKGPKGPKGPKGPKGP,10.699318122863769,-1.8699999999999999,6.0,0.0,0.0,0.0,20.0,1866.2145999999998,-15.970000000000002,0.0,0.3,0.7,0.0,5.754107608195298,-1.8699999999999999,-35.53,0.0,0.0
393,PKGPKGPKGPKGPKGPKGPK,10.780097007751465,-2.045,7.0,0.0,0.0,0.0,20.0,1937.3355999999999,-15.970000000000002,0.0,0.35,0.6499999999999999,0.0,6.9515358605853494,-2.045,-38.855,0.0,0.0
394,KGPKGPKGPKGPKGPKGPKG,10.778420829772951,-1.985,7.0,0.0,0.0,0.0,20.0,1897.2716999999998,-20.215000000000003,0.0,0.35,0.6499999999999999,0.0,6.753108607196297,-1.985,-37.715,0.0,0.0
395,GPKGPKGPKGPKGPKGPKGP,10.699318122863769,-1.8699999999999999,6.0,0.0,0.0,0.0,20.0,1866.2145999999998,-15.970000000000002,0.0,0.3,0.7,0.0,5.754107608195298,-1.8699999999999999,-35.53,0.0,0.0
396,PKGPKGPKGPKGPKGPKGPK,10.780097007751465,-2.045,7.0,0.0,0.0,0.0,20.0,1937.3355999999999,-15.970000000000002,0.0,0.35,0.6499999999999999,0.0,6.9515358605853494,-2.045,-38.855,0.0,0.0
397,KGPKGPKGPKGPKGPKGPKG,10.778420829772951,-1.985,7.0,0.0,0.0,0.0,20.0,1897.2716999999998,-20.215000000000003,0.0,0.35,0.6499999999999999,0.0,6.753108607196297,-1.985,-37.715,0.0,0.0
398,GPKGPKGPKGPKGPKGPKGP,10.699318122863769,-1.8699999999999999,6.0,0.0,0.0,0.0,20.0,1866.2145999999998,-15.970000000000002,0.0,0.3,0.7,0.0,5.754107608195298,-1.8699999999999999,-35.53,0.0,0.0
399,PKGPKGPKGPKGPKGPKGPK,10.780097007751465,-2.045,7.0,0.0,0.0,0.0,20.0,1937.3355999999999,-15.970000000000002,0.0,0.35,0.6499999999999999,0.0,6.9515358605853494,-2.045,-38.855,0.0,0.0
400,KGPKGPKGPKGPKGPKGPKG,10.778420829772951,-1.985,7.0,0.0,0.0,0.0,20.0,1897.2716999999998,-20.215000000000003,0.0,0.35,0.6499999999999999,0.0,6.753108607196297,-1.985,-37.715,0.0,0.0
401,GPKGPKGPKGPKGPKGPKGP,10.699318122863769,-1.8699999999999999,6.0,0.0,0.0,0.0,20.0,1866.2145999999998,-15.970000000000002,0.0,0.3,0.7,0.0,5.754107608195298,-1.8699999999999999,-35.53,0.0,0.0
402,PKGPKGPKGPKGPKGPKGPK,10.780097007751465,-2.045,7.0,0.0,0.0,0.0,20.0,1937.3355999999999,-15.970000000000002,0.0,0.35,0.6499999999999999,0.0,6.9515358605853494,-2.045,-38.855,0.0,0.0
403,KGPKGPKGPKGPKGPKGPKG,10.778420829772951,-1.985,7.0,0.0,0.0,0.0,20.0,1897.2716999999998,-20.215000000000003,0.0,0.35,0.6499999999999999,0.0,6.753108607196297,-1.985,-37.715,0.0,0.0
404,GPKGPKGPKGPKGPKGPKGP,10.699318122863769,-1.8699999999999999,6.0,0.0,0.0,0.0,20.0,1866.2145999999998,-15.970000000000002,0.0,0.3,0.7,0.0,5.754107608195298,-1.8699999999999999,-35.53,0.0,0.0
405,PKGPKGPKGPKGPKGPKGPK,10.780097007751465,-2.045,7.0,0.0,0.0,0.0,20.0,1937.3355999999999,-15.970000000000002,0.0,0.35,0.6499999999999999,0.0,6.9515358605853494,-2.045,-38.855,0.0,0.0
406,KGPKGPKGPKGPKGPKGPKG,10.778420829772951,-1.985,7.0,0.0,0.0,0.0,20.0,1897.2716999999998,-20.215000000000003,0.0,0.35,0.6499999999999999,0.0,6.753108607196297,-1.985,-37.715,0.0,0.0
407,GPKGPKGPKGPKGPKGPKGP,10.699318122863769,-1.8699999999999999,6.0,0.0,0.0,0.0,20.0,1866.2145999999998,-15.970000000000002,0.0,0.3,0.7,0.0,5.754107608195298,-1.8699999999999999,-35.53,0.0,0.0
408,PKGPKGPKGPKGPKGPKGPK,10.780097007751465,-2.045,7.0,0.0,0.0,0.0,20.0,1937.3355999999999,-15.970000000000002,0.0,0.35,0.6499999999999999,0.0,6.9515358605853494,-2.045,-38.855,0.0,0.0
409,KGPKGPKGPKGPKGPKGPKG,10.778420829772951,-1.985,7.0,0.0,0.0,0.0,20.0,1897.2716999999998,-20.215000000000003,0.0,0.35,0.6499999999999999,0.0,6.753108607196297,-1.985,-37.715,0.0,0.0
410,GPKGPKGPKGPKGPKGPKGP,10.699318122863769,-1.8699999999999999,6.0,0.0,0.0,0.0,20.0,1866.2145999999998,-15.970000000000002,0.0,0.3,0.7,0.0,5.754107608195298,-1.8699999999999999,-35.53,0.0,0.0
411,PKGPKGPKGPKGPKGPKGPK,10.780097007751465,-2.045,7.0,0.0,0.0,0.0,20.0,1937.3355999999999,-15.970000000000002,0.0,0.35,0.6499999999999999,0.0,6.9515358605853494,-2.045,-38.855,0.0,0.0
412,KGPKGPKGPKGPKGPKGPKG,10.778420829772951,-1.985,7.0,0.0,0.0,0.0,20.0,1897.2716999999998,-20.215000000000003,0.0,0.35,0.6499999999999999,0.0,6.753108607196297,-1.985,-37.715,0.0,0.0
413,GPKGPKGPKGPKGPKGPKGP,10.699318122863769,-1.8699999999999999,6.0,0.0,0.0,0.0,20.0,1866.2145999999998,-15.970000000000002,0.0,0.3,0.7,0.0,5.754107608195298,-1.8699999999999999,-35.53,0.0,0.0
414,PKGPKGPKGPKGPKGPKGPK,10.780097007751465,-2.045,7.0,0.0,0.0,0.0,20.0,1937.3355999999999,-15.970000000000002,0.0,0.35,0.6499999999999999,0.0,6.9515358605853494,-2.045,-38.855,0.0,0.0
415,KGPKGPKGPKGPKGPKGPKG,10.778420829772951,-1.985,7.0,0.0,0.0,0.0,20.0,1897.2716999999998,-20.215000000000003,0.0,0.35,0.6499999999999999,0.0,6.753108607196297,-1.985,-37.715,0.0,0.0
416,GPKGPKGPKGPKGPKGPKGP,10.699318122863769,-1.8699999999999999,6.0,0.0,0.0,0.0,20.0,1866.2145999999998,-15.970000000000002,0.0,0.3,0.7,0.0,5.754107608195298,-1.8699999999999999,-35.53,0.0,0.0
417,PKGPKGPKGPKGPKGPKGPK,10.780097007751465,-2.045,7.0,0.0,0.0,0.0,20.0,1937.3355999999999,-15.970000000000002,0.0,0.35,0.6499999999999999,0.0,6.9515358605853494,-2.045,-38.855,0.0,0.0
418,KGPKGPKGPKGPKGPKGPKG,10.778420829772951,-1.985,7.0,0.0,0.0,0.0,20.0,1897.2716999999998,-20.215000000000003,0.0,0.35,0.6499999999999999,0.0,6.753108607196297,-1.985,-37.715,0.0,0.0
419,GPKGPKGPKGPKGPKGPKGP,10.699318122863769,-1.8699999999999999,6.0,0.0,0.0,0.0,20.0,1866.2145999999998,-15.970000000000002,0.0,0.3,0.7,0.0,5.754107608195298,-1.8699999999999999,-35.53,0.0,0.0
420,PKGPKGPKGPKGPKGPKGPK,10.780097007751465,-2.045,7.0,0.0,0.0,0.0,20.0,1937.3355999999999,-15.970000000000002,0.0,0.35,0.6499999999999999,0.0,6.9515358605853494,-2.045,-38.855,0.0,0.0
421,KGPKGPKGPKGPKGPKGPKG,10.778420829772951,-1.985,7.0,0.0,0.0,0.0,20.0,1897.2716999999998,-20.215000000000003,0.0,0.35,0.6499999999999999,0.0,6.753108607196297,-1.985,-37.715,0.0,0.0
422,GPKGPKGPKGPKGPKGPKGP,10.699318122863769,-1.8699999999999999,6.0,0.0,0.0,0.0,20.0,1866.2145999999998,-15.970000000000002,0.0,0.3,0.7,0.0,5.754107608195298,-1.8699999999999999,-35.53,0.0,0.0
423,PKGPKGPKGPKGPKGPKGPK,10.780097007751465,-2.045,7.0,0.0,0.0,0.0,20.0,1937.3355999999999,-15.970000000000002,0.0,0.35,0.6499999999999999,0.0,6.9515358605853494,-2.045,-38.855,0.0,0.0
424,KGPKGPKGPKGPKGPKGPKG,10.778420829772951,-1.985,7.0,0.0,0.0,0.0,20.0,1897.2716999999998,-20.215000000000003,0.0,0.35,0.6499999999999999,0.0,6.753108607196297,-1.985,-37.715,0.0,0.0
425,GPKGPKGPKGPKGPKGPKGP,10.699318122863769,-1.8699999999999999,6.0,0.0,0.0,0.0,20.0,1866.2145999999998,-15.970000000000002,0.0,0.3,0.7,0.0,5.754107608195298,-1.8699999999999999,-35.53,0.0,0.0
426,PKGPKGPKGPKGPKGPKGPK,10.780097007751465,-2.045,7.0,0.0,0.0,0.0,20.0,1937.3355999999999,-15.970000000000002,0.0,0.35,0.6499999999999999,0.0,6.9515358605853494,-2.045,-38.855,0.0,0.0
